Домен,URL,Код,Группа,Ссылка на месте,Анкор на месте
2semechki.ru,https://2semechki.ru/event-foto-v-moskve/event-foto-v-moskve-chto-izmenilos-v-2026-godu/,200,восстановленные,,
2semechki.ru,https://2semechki.ru/event-foto-v-moskve/event-foto-v-moskve-oborudovanie-soft-i-rashodniki/,200,восстановленные,,
2semechki.ru,https://2semechki.ru/event-foto-v-moskve/kak-vybrat-fotobudku-v-moskve-bez-pereplat/,200,восстановленные,True,True
2semechki.ru,https://2semechki.ru/event-foto-v-moskve/event-foto-v-moskve-razbor-realnyh-kejsov/,200,восстановленные,,
2semechki.ru,https://2semechki.ru/event-foto-v-moskve/event-foto-v-moskve-ploshhadka-jelektrika-i-bezopasnost/,200,восстановленные,,
2semechki.ru,https://2semechki.ru/event-foto-v-moskve/event-foto-v-moskve-chastye-oshibki-zakazchikov/,200,восстановленные,,
avtogear62.ru,https://avtogear62.ru/novaja-professija/kak-ponjat-kakaja-professija-vam-podojdjot/,200,восстановленные,,
avtogear62.ru,https://avtogear62.ru/novaja-professija/proforientacija-dlja-vzroslyh-s-chego-nachat/,200,восстановленные,,
avtogear62.ru,https://avtogear62.ru/novaja-professija/chto-takoe-profperepodgotovka-prostymi-slovami/,200,восстановленные,,
avtogear62.ru,https://avtogear62.ru/novaja-professija/profperepodgotovka-korotkij-put-k-novoj-professii/,200,восстановленные,True,True
avtogear62.ru,https://avtogear62.ru/novaja-professija/podderzhka-zanjatosti-i-pereobuchenie-naselenija/,200,восстановленные,,
avtogear62.ru,https://avtogear62.ru/novaja-professija/skolko-zarabatyvajut-posle-smeny-professii/,200,восстановленные,,
avtogear62.ru,https://avtogear62.ru/arenda-robotov-dlja-event-proektov/arenda-robotov-dlja-event-proektov-v-2026/,200,восстановленные,,
avtogear62.ru,https://avtogear62.ru/arenda-robotov-dlja-event-proektov/arenda-robotov-dlja-event-proektov/,200,восстановленные,,
avtogear62.ru,https://avtogear62.ru/arenda-robotov-dlja-event-proektov/arenda-robotov-na-meroprijatie-bez-pereplat/,200,восстановленные,True,True
avtogear62.ru,https://avtogear62.ru/arenda-robotov-dlja-event-proektov/arenda-robotov-dlja-event-proektov-kejsy/,200,восстановленные,,
avtogear62.ru,https://avtogear62.ru/arenda-robotov-dlja-event-proektov/arenda-robotov-dlja-event-proektov-ploshhadka-i-bezopasnost/,200,восстановленные,,
avtogear62.ru,https://avtogear62.ru/arenda-robotov-dlja-event-proektov/oshibki-pri-arende-robotov-dlja-meroprijatij/,200,восстановленные,,
drunk-fish.ru,https://drunk-fish.ru/smena-professii/kogda-pora-menjat-professiju-glavnye-priznaki/,200,восстановленные,,
drunk-fish.ru,https://drunk-fish.ru/smena-professii/rynok-truda-i-professii-budushhego-v-rossii/,200,восстановленные,,
drunk-fish.ru,https://drunk-fish.ru/smena-professii/professionalnaja-perepodgotovka-put-k-novoj-karere/,200,восстановленные,True,True
drunk-fish.ru,https://drunk-fish.ru/smena-professii/mify-o-pereobuchenii-vzroslyh/,200,восстановленные,,
drunk-fish.ru,https://drunk-fish.ru/smena-professii/kak-proverit-dokument-o-perepodgotovke/,200,восстановленные,,
drunk-fish.ru,https://drunk-fish.ru/smena-professii/istorii-uspeshnoj-smeny-professii/,200,восстановленные,,
drunk-fish.ru,https://drunk-fish.ru/svadebnye-fotozony-v-ekaterinburge/svadebnye-fotozony-v-ekaterinburge-trendy-2026/,200,восстановленные,,
drunk-fish.ru,https://drunk-fish.ru/svadebnye-fotozony-v-ekaterinburge/svadebnye-fotozony-v-ekaterinburge/,200,восстановленные,,
drunk-fish.ru,https://drunk-fish.ru/svadebnye-fotozony-v-ekaterinburge/kak-vybrat-fotozonu-na-svadbu-v-ekaterinburge/,200,восстановленные,True,True
drunk-fish.ru,https://drunk-fish.ru/svadebnye-fotozony-v-ekaterinburge/svadebnye-fotozony-v-ekaterinburge-idei-i-kejsy/,200,восстановленные,,
drunk-fish.ru,https://drunk-fish.ru/svadebnye-fotozony-v-ekaterinburge/svadebnye-fotozony-v-ekaterinburge-normy-i-bezopasnost/,200,восстановленные,,
drunk-fish.ru,https://drunk-fish.ru/svadebnye-fotozony-v-ekaterinburge/svadebnye-fotozony-v-ekaterinburge-oshibki-i-reshenija/,200,восстановленные,,
elintel.ru,https://elintel.ru/ohrana-truda/perepodgotovka-po-pozharnoj-bezopasnosti-256-chasov-komu-nuzhna/,200,восстановленные,,
elintel.ru,https://elintel.ru/ohrana-truda/top-5-narushenij-pozharnoj-bezopasnosti-na-predprijatijah/,200,восстановленные,,
elintel.ru,https://elintel.ru/ohrana-truda/trebovanija-k-otvetstvennomu-za-pozharnuju-bezopasnost/,200,восстановленные,,
elintel.ru,https://elintel.ru/ohrana-truda/audit-pozharnoj-bezopasnosti-poshagovaja-proverka-obekta/,200,восстановленные,,
elintel.ru,https://elintel.ru/ohrana-truda/chto-izmenilos-v-protivopozharnyh-normah-v-2026-godu/,200,восстановленные,,
elintel.ru,https://elintel.ru/ohrana-truda/sredstva-pozharotushenija-vidy-i-pravila-ispolzovanija/,200,восстановленные,,
elintel.ru,https://elintel.ru/iskusstvennyj-intellekt-v-event-fotografii/iskusstvennyj-intellekt-v-event-fotografii-chto-izmenilos-v-2026-godu/,200,восстановленные,,
elintel.ru,https://elintel.ru/iskusstvennyj-intellekt-v-event-fotografii/iskusstvennyj-intellekt-v-event-fotografii-oborudovanie-soft-i-rashodniki/,200,восстановленные,,
elintel.ru,https://elintel.ru/iskusstvennyj-intellekt-v-event-fotografii/fotobudka-s-ii-v-moskve-vybor-bez-pereplat/,200,восстановленные,True,True
elintel.ru,https://elintel.ru/iskusstvennyj-intellekt-v-event-fotografii/iskusstvennyj-intellekt-v-event-fotografii-razbor-realnyh-kejsov/,200,восстановленные,,
elintel.ru,https://elintel.ru/iskusstvennyj-intellekt-v-event-fotografii/iskusstvennyj-intellekt-v-event-fotografii-ploshhadka-jelektrika-i-bezopasnost/,200,восстановленные,,
elintel.ru,https://elintel.ru/iskusstvennyj-intellekt-v-event-fotografii/iskusstvennyj-intellekt-v-event-fotografii-chastye-oshibki-zakazchikov/,200,восстановленные,,
kakudobrit.ru,https://kakudobrit.ru/dopolnitelnoe-obrazovanie/vtoroe-vysshee-ili-perepodgotovka-chto-vybrat/,200,восстановленные,,
kakudobrit.ru,https://kakudobrit.ru/dopolnitelnoe-obrazovanie/perepodgotovka-v-tjumeni-novye-karernye-vozmozhnosti/,200,восстановленные,True,True
kakudobrit.ru,https://kakudobrit.ru/dopolnitelnoe-obrazovanie/urovni-professionalnogo-obrazovanija-v-rossii/,200,восстановленные,,
kakudobrit.ru,https://kakudobrit.ru/dopolnitelnoe-obrazovanie/komu-podhodit-perepodgotovka-na-baze-diploma-vuza/,200,восстановленные,,
kakudobrit.ru,https://kakudobrit.ru/dopolnitelnoe-obrazovanie/kak-gosudarstvo-kontroliruet-kachestvo-obrazovanija/,200,восстановленные,,
kakudobrit.ru,https://kakudobrit.ru/dopolnitelnoe-obrazovanie/kak-perepodgotovka-pomogaet-v-karere/,200,восстановленные,,
kakudobrit.ru,https://kakudobrit.ru/svadby-v-ekaterinburge-fotozony-i-dekor/svadby-v-ekaterinburge-fotozony-i-dekor-2026/,200,восстановленные,,
kakudobrit.ru,https://kakudobrit.ru/svadby-v-ekaterinburge-fotozony-i-dekor/svadby-v-ekaterinburge-fotozony-i-dekor/,200,восстановленные,,
kakudobrit.ru,https://kakudobrit.ru/svadby-v-ekaterinburge-fotozony-i-dekor/kak-vybrat-fotozonu-na-svadbu-v-ekaterinburge/,200,восстановленные,True,True
kakudobrit.ru,https://kakudobrit.ru/svadby-v-ekaterinburge-fotozony-i-dekor/svadby-v-ekaterinburge-fotozony-i-dekor-2/,200,восстановленные,,
kakudobrit.ru,https://kakudobrit.ru/svadby-v-ekaterinburge-fotozony-i-dekor/svadby-v-ekaterinburge-fotozony-i-dekor-3/,200,восстановленные,,
kakudobrit.ru,https://kakudobrit.ru/svadby-v-ekaterinburge-fotozony-i-dekor/svadby-v-ekaterinburge-fotozony-i-dekor-4/,200,восстановленные,,
kgdink.ru,https://kgdink.ru/professija-voditel-pogruzchika/odin-den-iz-zhizni-voditelja-pogruzchika/,200,восстановленные,,
kgdink.ru,https://kgdink.ru/professija-voditel-pogruzchika/kakie-byvajut-pogruzchiki-jelektricheskie-i-dizelnye/,200,восстановленные,,
kgdink.ru,https://kgdink.ru/professija-voditel-pogruzchika/ustrojstvo-i-princip-raboty-pogruzchika/,200,восстановленные,,
kgdink.ru,https://kgdink.ru/professija-voditel-pogruzchika/obuchenie-na-voditelja-pogruzchika-v-moskve/,200,восстановленные,True,True
kgdink.ru,https://kgdink.ru/professija-voditel-pogruzchika/pravila-bezopasnoj-jekspluatacii-pogruzchikov/,200,восстановленные,,
kgdink.ru,https://kgdink.ru/professija-voditel-pogruzchika/chto-proverjajut-na-jekzamene-u-voditelja-pogruzchika/,200,восстановленные,,
kgdink.ru,https://kgdink.ru/fotozony-v-ekaterinburge-podbor-po-sluchaju/fotozony-v-ekaterinburge-formaty-i-idei-2026/,200,восстановленные,,
kgdink.ru,https://kgdink.ru/fotozony-v-ekaterinburge-podbor-po-sluchaju/fotozony-v-ekaterinburge-vybor-po-sluchaju/,200,восстановленные,,
kgdink.ru,https://kgdink.ru/fotozony-v-ekaterinburge-podbor-po-sluchaju/kak-vybrat-fotozonu-v-ekb-bez-pereplat/,200,восстановленные,True,True
kgdink.ru,https://kgdink.ru/fotozony-v-ekaterinburge-podbor-po-sluchaju/fotozony-v-ekaterinburge-idei-i-kejsy/,200,восстановленные,,
kgdink.ru,https://kgdink.ru/fotozony-v-ekaterinburge-podbor-po-sluchaju/fotozony-v-ekaterinburge-bezopasnost-i-montazh/,200,восстановленные,,
kgdink.ru,https://kgdink.ru/fotozony-v-ekaterinburge-podbor-po-sluchaju/fotozony-v-ekaterinburge-kak-vybrat-bez-oshibok/,200,восстановленные,,
ledpnz.ru,https://ledpnz.ru/professionalnye-kursy/kak-vybrat-profkursy-i-ne-pereplatit/,200,восстановленные,,
ledpnz.ru,https://ledpnz.ru/professionalnye-kursy/kursy-perepodgotovki-s-chego-nachat-obuchenie/,200,восстановленные,True,True
ledpnz.ru,https://ledpnz.ru/professionalnye-kursy/dopolnitelnoe-professionalnoe-obrazovanie-prostymi-slovami/,200,восстановленные,,
ledpnz.ru,https://ledpnz.ru/professionalnye-kursy/skolko-stojat-kursy-perepodgotovki/,200,восстановленные,,
ledpnz.ru,https://ledpnz.ru/professionalnye-kursy/kak-proverit-uchebnyj-centr-pered-oplatoj/,200,восстановленные,,
ledpnz.ru,https://ledpnz.ru/professionalnye-kursy/chto-delat-posle-zavershenija-kursov/,200,восстановленные,,
ledpnz.ru,https://ledpnz.ru/neonovye-fotozony-i-led-room/neonovye-fotozony-i-led-room-v-2026-godu/,200,восстановленные,,
ledpnz.ru,https://ledpnz.ru/neonovye-fotozony-i-led-room/neonovye-fotozony-i-led-room-chto-nuzhno/,200,восстановленные,,
ledpnz.ru,https://ledpnz.ru/neonovye-fotozony-i-led-room/neonovyj-tonnel-fotozona-vybor-bez-pereplat/,200,восстановленные,True,True
ledpnz.ru,https://ledpnz.ru/neonovye-fotozony-i-led-room/neonovye-fotozony-i-led-room-realnye-kejsy/,200,восстановленные,,
ledpnz.ru,https://ledpnz.ru/neonovye-fotozony-i-led-room/neonovye-fotozony-i-led-room-bezopasnost/,200,восстановленные,,
ledpnz.ru,https://ledpnz.ru/neonovye-fotozony-i-led-room/neonovye-fotozony-i-led-room-oshibki-zakazchikov/,200,восстановленные,,
mai-hoshi.ru,https://mai-hoshi.ru/obrazovanie-v-tjumeni/gde-poluchit-novuju-professiju-v-tjumeni/,200,восстановленные,,
mai-hoshi.ru,https://mai-hoshi.ru/obrazovanie-v-tjumeni/profperepodgotovka-v-tjumeni-gde-uchitsja/,200,восстановленные,True,True
mai-hoshi.ru,https://mai-hoshi.ru/obrazovanie-v-tjumeni/chto-takoe-professionalnaja-perepodgotovka/,200,восстановленные,,
mai-hoshi.ru,https://mai-hoshi.ru/obrazovanie-v-tjumeni/skolko-dlitsja-perepodgotovka-i-ot-chego-jeto-zavisit/,200,восстановленные,,
mai-hoshi.ru,https://mai-hoshi.ru/obrazovanie-v-tjumeni/dopolnitelnoe-professionalnoe-obrazovanie-v-zakone/,200,восстановленные,,
mai-hoshi.ru,https://mai-hoshi.ru/obrazovanie-v-tjumeni/kak-vybrat-programmu-perepodgotovki-v-tjumeni/,200,восстановленные,,
mai-hoshi.ru,https://mai-hoshi.ru/led-fotozony-tehnicheskie-harakteristiki/led-fotozony-tehnicheskie-harakteristiki-osnovnye-formaty-i-reshenija-2026-goda/,200,восстановленные,,
mai-hoshi.ru,https://mai-hoshi.ru/led-fotozony-tehnicheskie-harakteristiki/led-fotozony-tehnicheskie-harakteristiki-tehnologii-materialy-i-oborudovanie/,200,восстановленные,,
mai-hoshi.ru,https://mai-hoshi.ru/led-fotozony-tehnicheskie-harakteristiki/kak-vybrat-led-fotozonu-dlja-arendy/,200,восстановленные,True,True
mai-hoshi.ru,https://mai-hoshi.ru/led-fotozony-tehnicheskie-harakteristiki/led-fotozony-tehnicheskie-harakteristiki-primery-udachnyh-kejsov-i-nestandartnye-idei/,200,восстановленные,,
mai-hoshi.ru,https://mai-hoshi.ru/led-fotozony-tehnicheskie-harakteristiki/led-fotozony-tehnicheskie-harakteristiki-bezopasnost-montazh-i-normativy/,200,восстановленные,,
mai-hoshi.ru,https://mai-hoshi.ru/led-fotozony-tehnicheskie-harakteristiki/led-fotozony-tehnicheskie-harakteristiki-oshibki-zakazchikov-i-kak-ih-izbezhat/,200,восстановленные,,
omegabay.ru,https://omegabay.ru/spectehnika-i-ejo-operatory/kto-upravljaet-skladskoj-spectehnikoj/,200,восстановленные,,
omegabay.ru,https://omegabay.ru/spectehnika-i-ejo-operatory/obuchenie-na-pogruzchik-v-moskve-cena-i-faktory/,200,восстановленные,True,True
omegabay.ru,https://omegabay.ru/spectehnika-i-ejo-operatory/vidy-skladskoj-i-podjomnoj-tehniki/,200,восстановленные,,
omegabay.ru,https://omegabay.ru/spectehnika-i-ejo-operatory/kak-vybrat-format-obuchenija-ochno-ili-onlajn/,200,восстановленные,,
omegabay.ru,https://omegabay.ru/spectehnika-i-ejo-operatory/profstandarty-operatorov-spectehniki/,200,восстановленные,,
omegabay.ru,https://omegabay.ru/spectehnika-i-ejo-operatory/chto-nuzhno-znat-novichku-pered-obucheniem/,200,восстановленные,,
omegabay.ru,https://omegabay.ru/arenda-fotozon-pod-sobytie-ljubogo-masshtaba/arenda-fotozon-dlja-sobytij-v-2026-godu/,200,восстановленные,,
omegabay.ru,https://omegabay.ru/arenda-fotozon-pod-sobytie-ljubogo-masshtaba/arenda-fotozon-dlja-sobytij-ljubogo-masshtaba/,200,восстановленные,,
omegabay.ru,https://omegabay.ru/arenda-fotozon-pod-sobytie-ljubogo-masshtaba/kak-vybrat-arendu-fotozony-gramotno/,200,восстановленные,True,True
omegabay.ru,https://omegabay.ru/arenda-fotozon-pod-sobytie-ljubogo-masshtaba/arenda-fotozon-dlja-sobytij-ljubogo-masshtaba-2/,200,восстановленные,,
omegabay.ru,https://omegabay.ru/arenda-fotozon-pod-sobytie-ljubogo-masshtaba/arenda-fotozon-bezopasnost-montazh-normy/,200,восстановленные,,
omegabay.ru,https://omegabay.ru/arenda-fotozon-pod-sobytie-ljubogo-masshtaba/arenda-fotozon-bez-oshibok-gid-dlja-sobytij/,200,восстановленные,,
prforce.ru,https://prforce.ru/kursy-rabochih-professij/kak-vybrat-kursy-rabochej-professii-bez-oshibok/,200,восстановленные,,
prforce.ru,https://prforce.ru/kursy-rabochih-professij/kak-vybrat-uchebnyj-centr-bez-oshibok/,200,восстановленные,,
prforce.ru,https://prforce.ru/kursy-rabochih-professij/kursy-voditelja-pogruzchika-v-moskve-obzor-programm/,200,восстановленные,True,True
prforce.ru,https://prforce.ru/kursy-rabochih-professij/chto-vhodit-v-programmu-kursa-voditelja-pogruzchika/,200,восстановленные,,
prforce.ru,https://prforce.ru/kursy-rabochih-professij/kategorii-i-udostoverenija-dlja-spectehniki/,200,восстановленные,,
prforce.ru,https://prforce.ru/kursy-rabochih-professij/trudoustrojstvo-posle-kursov-realno-li/,200,восстановленные,,
prforce.ru,https://prforce.ru/fotozony-kak-chast-scenarija-meroprijatija/fotozony-v-scenarii-meroprijatija-trendy-2026/,200,восстановленные,,
prforce.ru,https://prforce.ru/fotozony-kak-chast-scenarija-meroprijatija/fotozony-v-scenarii-meroprijatija/,200,восстановленные,,
prforce.ru,https://prforce.ru/fotozony-kak-chast-scenarija-meroprijatija/kak-vybrat-fotozonu-na-meroprijatie/,200,восстановленные,True,True
prforce.ru,https://prforce.ru/fotozony-kak-chast-scenarija-meroprijatija/fotozony-v-scenarii-meroprijatija-2/,200,восстановленные,,
prforce.ru,https://prforce.ru/fotozony-kak-chast-scenarija-meroprijatija/fotozony-v-scenarii-meroprijatija-3/,200,восстановленные,,
prforce.ru,https://prforce.ru/fotozony-kak-chast-scenarija-meroprijatija/fotozony-v-scenarii-oshibki-i-reshenija/,200,восстановленные,,
pro-covers.ru,https://pro-covers.ru/medicina-i-zdravoohranenie/medicinskij-registrator-obuchenie-i-start-karery/,200,восстановленные,,
pro-covers.ru,https://pro-covers.ru/medicina-i-zdravoohranenie/top-5-medicinskih-professij-bez-vysshego-obrazovanija/,200,восстановленные,,
pro-covers.ru,https://pro-covers.ru/medicina-i-zdravoohranenie/kak-ustroena-rabota-registratury-v-poliklinike/,200,восстановленные,,
pro-covers.ru,https://pro-covers.ru/medicina-i-zdravoohranenie/cifrovizacija-zdravoohranenija-karty-i-mis/,200,восстановленные,,
pro-covers.ru,https://pro-covers.ru/medicina-i-zdravoohranenie/objazannosti-medicinskogo-registratora-polnyj-obzor/,200,восстановленные,,
pro-covers.ru,https://pro-covers.ru/medicina-i-zdravoohranenie/rabota-v-poliklinike-bez-medobrazovanija-kak-ustroitsja/,200,восстановленные,,
pro-covers.ru,https://pro-covers.ru/svetodiodnye-fotozony/svetodiodnye-fotozony-chto-izmenilos-v-2026-godu/,200,восстановленные,,
pro-covers.ru,https://pro-covers.ru/svetodiodnye-fotozony/svetodiodnye-fotozony-oborudovanie-soft-i-rashodniki/,200,восстановленные,,
pro-covers.ru,https://pro-covers.ru/svetodiodnye-fotozony/led-fotozona-kak-vybrat-podrjadchika/,200,восстановленные,True,True
pro-covers.ru,https://pro-covers.ru/svetodiodnye-fotozony/svetodiodnye-fotozony-razbor-realnyh-kejsov/,200,восстановленные,,
pro-covers.ru,https://pro-covers.ru/svetodiodnye-fotozony/svetodiodnye-fotozony-ploshhadka-jelektrika-i-bezopasnost/,200,восстановленные,,
pro-covers.ru,https://pro-covers.ru/svetodiodnye-fotozony/svetodiodnye-fotozony-chastye-oshibki-zakazchikov/,200,восстановленные,,
promplo.ru,https://promplo.ru/uchjoba-v-tjumeni/vozmozhnosti-dopolnitelnogo-obrazovanija-v-tjumeni/,200,восстановленные,,
promplo.ru,https://promplo.ru/uchjoba-v-tjumeni/rynok-truda-tjumenskoj-oblasti-obzor/,200,восстановленные,,
promplo.ru,https://promplo.ru/uchjoba-v-tjumeni/kursy-perepodgotovki-v-tjumeni-kak-vybrat/,200,восстановленные,True,True
promplo.ru,https://promplo.ru/uchjoba-v-tjumeni/kakie-professii-mozhno-osvoit-v-tjumeni-bystro/,200,восстановленные,,
promplo.ru,https://promplo.ru/uchjoba-v-tjumeni/gde-iskat-rabotu-v-tjumeni-posle-uchjoby/,200,восстановленные,,
promplo.ru,https://promplo.ru/uchjoba-v-tjumeni/kak-sovmestit-kursy-s-osnovnoj-rabotoj/,200,восстановленные,,
promplo.ru,https://promplo.ru/fotobudki-s-nejrosetjami/fotobudki-s-nejrosetjami-v-2026-godu/,200,восстановленные,,
promplo.ru,https://promplo.ru/fotobudki-s-nejrosetjami/fotobudki-s-nejrosetjami-tehnika-i-soft/,200,восстановленные,,
promplo.ru,https://promplo.ru/fotobudki-s-nejrosetjami/fotobudka-s-nejrosetju-kak-vybrat-bez-pereplat/,200,восстановленные,True,True
promplo.ru,https://promplo.ru/fotobudki-s-nejrosetjami/fotobudki-s-nejrosetjami-realnye-kejsy/,200,восстановленные,,
promplo.ru,https://promplo.ru/fotobudki-s-nejrosetjami/fotobudki-s-nejrosetjami-ploshhadka-i-bezopasnost/,200,восстановленные,,
promplo.ru,https://promplo.ru/fotobudki-s-nejrosetjami/fotobudki-s-nejrosetjami-oshibki-zakazchikov/,200,восстановленные,,
property-in-alanya.ru,https://property-in-alanya.ru/start-v-rabochej-professii/rabochie-professii-bez-opyta-s-chego-nachat/,200,восстановленные,,
property-in-alanya.ru,https://property-in-alanya.ru/start-v-rabochej-professii/gde-iskat-pervuju-rabotu-po-specialnosti/,200,восстановленные,,
property-in-alanya.ru,https://property-in-alanya.ru/start-v-rabochej-professii/kak-stat-voditelem-pogruzchika-v-moskve/,200,восстановленные,True,True
property-in-alanya.ru,https://property-in-alanya.ru/start-v-rabochej-professii/kakie-navyki-nuzhny-voditelju-pogruzchika/,200,восстановленные,,
property-in-alanya.ru,https://property-in-alanya.ru/start-v-rabochej-professii/bezopasnost-truda-operatorov-pogruzchikov/,200,восстановленные,,
property-in-alanya.ru,https://property-in-alanya.ru/start-v-rabochej-professii/perspektivy-karernogo-rosta-na-sklade/,200,восстановленные,,
property-in-alanya.ru,https://property-in-alanya.ru/svetodiodnoe-oborudovanie-na-meroprijatijah/svetodiodnoe-oborudovanie-na-meroprijatijah-v-2026/,200,восстановленные,,
property-in-alanya.ru,https://property-in-alanya.ru/svetodiodnoe-oborudovanie-na-meroprijatijah/svetodiodnoe-oborudovanie-na-meroprijatijah/,200,восстановленные,,
property-in-alanya.ru,https://property-in-alanya.ru/svetodiodnoe-oborudovanie-na-meroprijatijah/kak-vybrat-led-fotozonu-servis-i-bjudzhet/,200,восстановленные,True,True
property-in-alanya.ru,https://property-in-alanya.ru/svetodiodnoe-oborudovanie-na-meroprijatijah/svetodiodnoe-oborudovanie-na-meroprijatijah-2/,200,восстановленные,,
property-in-alanya.ru,https://property-in-alanya.ru/svetodiodnoe-oborudovanie-na-meroprijatijah/svetodiodnoe-oborudovanie-na-meroprijatijah-3/,200,восстановленные,,
property-in-alanya.ru,https://property-in-alanya.ru/svetodiodnoe-oborudovanie-na-meroprijatijah/led-oborudovanie-na-meroprijatijah-chastye-oshibki/,200,восстановленные,,
speciallabel.ru,https://speciallabel.ru/logistika-i-sklad/kak-rabotaet-sovremennyj-skladskoj-kompleks/,200,восстановленные,,
speciallabel.ru,https://speciallabel.ru/logistika-i-sklad/professii-skladskoj-logistiki-obzor-i-perspektivy/,200,восстановленные,,
speciallabel.ru,https://speciallabel.ru/logistika-i-sklad/chto-takoe-skladskaja-logistika/,200,восстановленные,,
speciallabel.ru,https://speciallabel.ru/logistika-i-sklad/obuchenie-voditelej-pogruzchikov-poleznyj-resurs/,200,восстановленные,True,True
speciallabel.ru,https://speciallabel.ru/logistika-i-sklad/rynok-truda-v-logistike-moskvy/,200,восстановленные,,
speciallabel.ru,https://speciallabel.ru/logistika-i-sklad/avtomatizacija-sklada-zamenit-li-tehnika-ljudej/,200,восстановленные,,
speciallabel.ru,https://speciallabel.ru/trendy-v-arende-fotozon/trendy-arendy-fotozon-v-2026-godu/,200,восстановленные,,
speciallabel.ru,https://speciallabel.ru/trendy-v-arende-fotozon/trendy-v-arende-fotozon-tehnologii-i-materialy/,200,восстановленные,,
speciallabel.ru,https://speciallabel.ru/trendy-v-arende-fotozon/kak-vybrat-arendu-fotozon-gramotno/,200,восстановленные,True,True
speciallabel.ru,https://speciallabel.ru/trendy-v-arende-fotozon/trendy-arendy-fotozon-kejsy-i-idei/,200,восстановленные,,
speciallabel.ru,https://speciallabel.ru/trendy-v-arende-fotozon/trendy-arendy-fotozon-bezopasnost-i-normy/,200,восстановленные,,
speciallabel.ru,https://speciallabel.ru/trendy-v-arende-fotozon/trendy-arendy-fotozon-oshibki-i-reshenija/,200,восстановленные,,
techfile.ru,https://techfile.ru/obuchenie-i-perekvalifikacija/kogda-stoit-smenit-professiju-na-rabochuju/,200,восстановленные,,
techfile.ru,https://techfile.ru/obuchenie-i-perekvalifikacija/distancionnoe-obuchenie-na-pogruzchik-kak-jeto-rabotaet/,200,восстановленные,True,True
techfile.ru,https://techfile.ru/obuchenie-i-perekvalifikacija/professionalnoe-obuchenie-v-rossii-formy-i-sroki/,200,восстановленные,,
techfile.ru,https://techfile.ru/obuchenie-i-perekvalifikacija/skolko-uchitsja-na-voditelja-pogruzchika/,200,восстановленные,,
techfile.ru,https://techfile.ru/obuchenie-i-perekvalifikacija/zarplaty-rabochih-professij-po-regionam-rossii/,200,восстановленные,,
techfile.ru,https://techfile.ru/obuchenie-i-perekvalifikacija/kak-sovmeshhat-obuchenie-s-osnovnoj-rabotoj/,200,восстановленные,,
techfile.ru,https://techfile.ru/prazdnichnoe-oformlenie-fotozony-i-dekor/prazdnichnoe-oformlenie-i-fotozony-2026/,200,восстановленные,,
techfile.ru,https://techfile.ru/prazdnichnoe-oformlenie-fotozony-i-dekor/prazdnichnoe-oformlenie-fotozony-i-dekor/,200,восстановленные,,
techfile.ru,https://techfile.ru/prazdnichnoe-oformlenie-fotozony-i-dekor/kak-vybrat-arendu-fotozon-gramotno/,200,восстановленные,True,True
techfile.ru,https://techfile.ru/prazdnichnoe-oformlenie-fotozony-i-dekor/prazdnichnoe-oformlenie-fotozony-i-dekor-2/,200,восстановленные,,
techfile.ru,https://techfile.ru/prazdnichnoe-oformlenie-fotozony-i-dekor/fotozony-i-dekor-bezopasnost-i-montazh/,200,восстановленные,,
techfile.ru,https://techfile.ru/prazdnichnoe-oformlenie-fotozony-i-dekor/oshibki-v-oformlenii-fotozon-i-dekora/,200,восстановленные,,
top-audit.ru,https://top-audit.ru/ceny-na-obuchenie-professijam/skolko-stoit-osvoit-rabochuju-professiju-v-moskve/,200,восстановленные,,
top-audit.ru,https://top-audit.ru/ceny-na-obuchenie-professijam/ot-chego-zavisit-cena-obuchenija-na-spectehniku/,200,восстановленные,,
top-audit.ru,https://top-audit.ru/ceny-na-obuchenie-professijam/kak-ne-pereplatit-za-kursy/,200,восстановленные,,
top-audit.ru,https://top-audit.ru/ceny-na-obuchenie-professijam/obuchenie-na-voditelja-pogruzchika-v-moskve-cena/,200,восстановленные,True,True
top-audit.ru,https://top-audit.ru/ceny-na-obuchenie-professijam/nalogovyj-vychet-za-obuchenie-kak-vernut-dengi/,200,восстановленные,,
top-audit.ru,https://top-audit.ru/ceny-na-obuchenie-professijam/okupajutsja-li-vlozhenija-v-obuchenie-na-voditelja-pogruzchika/,200,восстановленные,,
top-audit.ru,https://top-audit.ru/led-tehnologii-v-oformlenii-fotozon/led-reshenija-dlja-fotozon-v-2026-godu/,200,восстановленные,,
top-audit.ru,https://top-audit.ru/led-tehnologii-v-oformlenii-fotozon/led-v-oformlenii-fotozon-materialy-i-tehnika/,200,восстановленные,,
top-audit.ru,https://top-audit.ru/led-tehnologii-v-oformlenii-fotozon/kak-vybrat-uglovuju-led-fotozonu/,200,восстановленные,True,True
top-audit.ru,https://top-audit.ru/led-tehnologii-v-oformlenii-fotozon/led-tehnologii-v-oformlenii-fotozon/,200,восстановленные,,
top-audit.ru,https://top-audit.ru/led-tehnologii-v-oformlenii-fotozon/led-v-fotozonah-montazh-bezopasnost-normy/,200,восстановленные,,
top-audit.ru,https://top-audit.ru/led-tehnologii-v-oformlenii-fotozon/led-fotozony-oshibki-i-kak-ih-izbezhat/,200,восстановленные,,
unit-org.ru,https://unit-org.ru/karera-i-razvitie/kak-rasti-v-karere-posle-30-let/,200,восстановленные,,
unit-org.ru,https://unit-org.ru/karera-i-razvitie/professii-budushhego-k-chemu-gotovitsja-uzhe-sejchas/,200,восстановленные,,
unit-org.ru,https://unit-org.ru/karera-i-razvitie/nepreryvnoe-obrazovanie-zachem-uchitsja-vsju-zhizn/,200,восстановленные,,
unit-org.ru,https://unit-org.ru/karera-i-razvitie/professionalnaja-perepodgotovka-v-tjumeni/,200,восстановленные,True,True
unit-org.ru,https://unit-org.ru/karera-i-razvitie/gospodderzhka-pereobuchenija-grazhdan/,200,восстановленные,,
unit-org.ru,https://unit-org.ru/karera-i-razvitie/kak-postavit-cel-i-vybrat-novoe-napravlenie/,200,восстановленные,,
unit-org.ru,https://unit-org.ru/led-oformlenie-massovyh-event-proektov/led-oformlenie-event-proektov-v-2026-godu/,200,восстановленные,,
unit-org.ru,https://unit-org.ru/led-oformlenie-massovyh-event-proektov/led-oformlenie-event-proektov/,200,восстановленные,,
unit-org.ru,https://unit-org.ru/led-oformlenie-massovyh-event-proektov/kak-vybrat-led-fotozonu-dlja-meroprijatija/,200,восстановленные,True,True
unit-org.ru,https://unit-org.ru/led-oformlenie-massovyh-event-proektov/led-oformlenie-event-proektov-kejsy-i-idei/,200,восстановленные,,
unit-org.ru,https://unit-org.ru/led-oformlenie-massovyh-event-proektov/led-oformlenie-event-proektov-bezopasnost-i-normy/,200,восстановленные,,
unit-org.ru,https://unit-org.ru/led-oformlenie-massovyh-event-proektov/led-oformlenie-event-proektov-chastye-oshibki/,200,восстановленные,,
стандарт72.рф,https://xn--72-6kcat7cxadjf.xn--p1ai/pereobuchenie-vzroslyh/pochemu-vzroslomu-polezno-pereobuchatsja/,200,восстановленные,,
стандарт72.рф,https://xn--72-6kcat7cxadjf.xn--p1ai/pereobuchenie-vzroslyh/obrazovanie-dlja-vzroslyh-mirovoj-opyt/,200,восстановленные,,
стандарт72.рф,https://xn--72-6kcat7cxadjf.xn--p1ai/pereobuchenie-vzroslyh/perepodgotovka-novaja-professija-v-korotkij-srok/,200,восстановленные,True,True
стандарт72.рф,https://xn--72-6kcat7cxadjf.xn--p1ai/pereobuchenie-vzroslyh/skolko-vremeni-nuzhno-na-novuju-professiju/,200,восстановленные,,
стандарт72.рф,https://xn--72-6kcat7cxadjf.xn--p1ai/pereobuchenie-vzroslyh/gde-najti-rabotu-posle-pereobuchenija/,200,восстановленные,,
стандарт72.рф,https://xn--72-6kcat7cxadjf.xn--p1ai/pereobuchenie-vzroslyh/kak-ne-brosit-uchjobu-na-polputi/,200,восстановленные,,
стандарт72.рф,https://xn--72-6kcat7cxadjf.xn--p1ai/svetodiodnye-fotozony-preimushhestva-dlja-event/svetodiodnye-fotozony-dlja-event-v-2026-godu/,200,восстановленные,,
стандарт72.рф,https://xn--72-6kcat7cxadjf.xn--p1ai/svetodiodnye-fotozony-preimushhestva-dlja-event/svetodiodnye-fotozony-dlja-event/,200,восстановленные,,
стандарт72.рф,https://xn--72-6kcat7cxadjf.xn--p1ai/svetodiodnye-fotozony-preimushhestva-dlja-event/kak-vybrat-led-fotozonu-v-arendu/,200,восстановленные,True,True
стандарт72.рф,https://xn--72-6kcat7cxadjf.xn--p1ai/svetodiodnye-fotozony-preimushhestva-dlja-event/svetodiodnye-fotozony-dlja-event-idei-i-kejsy/,200,восстановленные,,
стандарт72.рф,https://xn--72-6kcat7cxadjf.xn--p1ai/svetodiodnye-fotozony-preimushhestva-dlja-event/svetodiodnye-fotozony-dlja-event-2/,200,восстановленные,,
стандарт72.рф,https://xn--72-6kcat7cxadjf.xn--p1ai/svetodiodnye-fotozony-preimushhestva-dlja-event/svetodiodnye-fotozony-dlja-event-pljusy-i-oshibki/,200,восстановленные,,
доступныйсервис.рф,https://xn--b1addncxgimfdeeo6j.xn--p1ai/kursy-i-programmy/chem-kursy-perepodgotovki-otlichajutsja-ot-vuzovskih-programm/,200,восстановленные,,
доступныйсервис.рф,https://xn--b1addncxgimfdeeo6j.xn--p1ai/kursy-i-programmy/kak-ustroeny-programmy-dopolnitelnogo-obrazovanija/,200,восстановленные,,
доступныйсервис.рф,https://xn--b1addncxgimfdeeo6j.xn--p1ai/kursy-i-programmy/dokument-o-kvalifikacii-chto-on-dajot-vypuskniku/,200,восстановленные,,
доступныйсервис.рф,https://xn--b1addncxgimfdeeo6j.xn--p1ai/kursy-i-programmy/kak-vybrat-kursy-profperepodgotovki/,200,восстановленные,True,True
доступныйсервис.рф,https://xn--b1addncxgimfdeeo6j.xn--p1ai/kursy-i-programmy/vostrebovannye-napravlenija-pereobuchenija/,200,восстановленные,,
доступныйсервис.рф,https://xn--b1addncxgimfdeeo6j.xn--p1ai/kursy-i-programmy/distancionnye-kursy-perepodgotovki-za-i-protiv/,200,восстановленные,,
доступныйсервис.рф,https://xn--b1addncxgimfdeeo6j.xn--p1ai/vypusknye-v-ekaterinburge-oformlenie-fotozon/vypusknye-v-ekaterinburge-fotozony-2026/,200,восстановленные,,
доступныйсервис.рф,https://xn--b1addncxgimfdeeo6j.xn--p1ai/vypusknye-v-ekaterinburge-oformlenie-fotozon/vypusknye-v-ekaterinburge-fotozony-pod-kljuch/,200,восстановленные,,
доступныйсервис.рф,https://xn--b1addncxgimfdeeo6j.xn--p1ai/vypusknye-v-ekaterinburge-oformlenie-fotozon/kak-vybrat-fotozonu-na-vypusknoj-v-ekaterinburge/,200,восстановленные,True,True
доступныйсервис.рф,https://xn--b1addncxgimfdeeo6j.xn--p1ai/vypusknye-v-ekaterinburge-oformlenie-fotozon/vypusknye-v-ekaterinburge-idei-fotozon/,200,восстановленные,,
доступныйсервис.рф,https://xn--b1addncxgimfdeeo6j.xn--p1ai/vypusknye-v-ekaterinburge-oformlenie-fotozon/vypusknye-v-ekaterinburge-fotozony-bez-riska/,200,восстановленные,,
доступныйсервис.рф,https://xn--b1addncxgimfdeeo6j.xn--p1ai/vypusknye-v-ekaterinburge-oformlenie-fotozon/vypusknye-v-ekaterinburge-oshibki-v-fotozonah/,200,восстановленные,,
yellodigital.ru,https://yellodigital.ru/professija-i-obuchenie/obrazovanie-kak-investicija-v-kareru/,200,восстановленные,,
yellodigital.ru,https://yellodigital.ru/professija-i-obuchenie/professionalnaja-perepodgotovka-glavnye-otvety/,200,восстановленные,True,True
yellodigital.ru,https://yellodigital.ru/professija-i-obuchenie/kak-reguliruetsja-dopolnitelnoe-obrazovanie/,200,восстановленные,,
yellodigital.ru,https://yellodigital.ru/professija-i-obuchenie/kak-vybrat-perepodgotovku-po-dushe/,200,восстановленные,,
yellodigital.ru,https://yellodigital.ru/professija-i-obuchenie/kakie-professii-nuzhny-rynku-truda-segodnja/,200,восстановленные,,
yellodigital.ru,https://yellodigital.ru/professija-i-obuchenie/perepodgotovka-realnye-sroki-i-rezultaty/,200,восстановленные,,
yellodigital.ru,https://yellodigital.ru/roboty-na-meroprijatijah/roboty-na-meroprijatijah-v-2026-godu/,200,восстановленные,,
yellodigital.ru,https://yellodigital.ru/roboty-na-meroprijatijah/roboty-na-meroprijatijah-tehnika-soft-i-rashodniki/,200,восстановленные,,
yellodigital.ru,https://yellodigital.ru/roboty-na-meroprijatijah/robot-hudozhnik-na-meroprijatie-vybor-bez-pereplat/,200,восстановленные,True,True
yellodigital.ru,https://yellodigital.ru/roboty-na-meroprijatijah/roboty-na-meroprijatijah-realnye-kejsy/,200,восстановленные,,
yellodigital.ru,https://yellodigital.ru/roboty-na-meroprijatijah/roboty-na-meroprijatijah-ploshhadka-i-bezopasnost/,200,восстановленные,,
yellodigital.ru,https://yellodigital.ru/roboty-na-meroprijatijah/skolko-stoit-arenda-robota-na-meroprijatie/,200,восстановленные,True,True
yellodigital.ru,https://yellodigital.ru/roboty-na-meroprijatijah/roboty-na-meroprijatijah-oshibki-zakazchikov/,200,восстановленные,,
2semechki.ru,https://2semechki.ru/mobilnye-igry-i-prilozhenija/proksi-dlja-bravl-stars-zachem-nuzhny-i-kak-vybrat/,200,все записи сайта,,
2semechki.ru,https://2semechki.ru/mobilnye-igry-i-prilozhenija/chto-nuzhno-znat-pri-vybore-proksi-dlja-igr-na-telefone/,200,все записи сайта,,
2semechki.ru,https://2semechki.ru/mobilnye-igry-i-prilozhenija/preimushhestva-ispolzovanija-proksi-dlja-mobilnyh-igr/,200,все записи сайта,,
2semechki.ru,https://2semechki.ru/mobilnye-igry-i-prilozhenija/kak-povysit-stabilnost-soedinenija-v-igrah/,200,все записи сайта,,
2semechki.ru,https://2semechki.ru/mobilnye-igry-i-prilozhenija/bezopasnost-mobilnyh-prilozhenij-s-pomoshhju-proksi/,200,все записи сайта,,
2semechki.ru,https://2semechki.ru/mobilnye-igry-i-prilozhenija/kak-ispolzovat-proksi-v-mobilnyh-igrah/,200,все записи сайта,,
2semechki.ru,https://2semechki.ru/kupit-lodku-pvh-s-motorom/sovety-po-hraneniju-lodki-pvh-s-motorom-v-zimnij-period/,200,все записи сайта,,
2semechki.ru,https://2semechki.ru/kupit-lodku-pvh-s-motorom/kakie-dokumenty-nuzhny-dlja-pokupki-lodki-pvh-s-motorom/,200,все записи сайта,,
2semechki.ru,https://2semechki.ru/kupit-lodku-pvh-s-motorom/kak-vybrat-lodku-pvh-s-motorom-dlja-nachinajushhih/,200,все записи сайта,,
2semechki.ru,https://2semechki.ru/kupit-lodku-pvh-s-motorom/obzor-bjudzhetnyh-lodok-pvh-s-motorom/,200,все записи сайта,,
2semechki.ru,https://2semechki.ru/kupit-lodku-pvh-s-motorom/sovety-po-vyboru-komplekta-lodka-pvh-s-motorom/,200,все записи сайта,,
2semechki.ru,https://2semechki.ru/kupit-lodku-pvh-s-motorom/kupit-lodku-pvh-s-motorom-gde-iskat-vygodnye-predlozhenija/,200,все записи сайта,,
2semechki.ru,https://2semechki.ru/korporativnye-meroprijatija-i-vyezdnye-bary/sovety-po-vyboru-napitkov-dlja-vyezdnogo-bara-na-korporative/,200,все записи сайта,,
2semechki.ru,https://2semechki.ru/korporativnye-meroprijatija-i-vyezdnye-bary/kak-sdelat-korporativnoe-meroprijatie-nezabyvaemym-s-vyezdnym-barom/,200,все записи сайта,,
2semechki.ru,https://2semechki.ru/korporativnye-meroprijatija-i-vyezdnye-bary/organizacija-tematicheskogo-vyezdnogo-bara-na-korporative/,200,все записи сайта,,
2semechki.ru,https://2semechki.ru/korporativnye-meroprijatija-i-vyezdnye-bary/kak-vybrat-professionalnyj-vyezdnoj-bar-dlja-korporativnogo-meroprijatija/,200,все записи сайта,,
2semechki.ru,https://2semechki.ru/korporativnye-meroprijatija-i-vyezdnye-bary/idei-dlja-vyezdnogo-bara-na-korporativnyh-vecherinkah/,200,все записи сайта,,
2semechki.ru,https://2semechki.ru/korporativnye-meroprijatija-i-vyezdnye-bary/vyezdnoj-bar-na-korporativ-preimushhestva-i-osobennosti/,200,все записи сайта,,
2semechki.ru,https://2semechki.ru/zarplatnye-proekty/oshibki-pri-vnedrenii-zarplatnogo-proekta-i-kak-ih-izbezhat/,200,все записи сайта,,
2semechki.ru,https://2semechki.ru/zarplatnye-proekty/kak-upravljat-zarplatnym-proektom/,200,все записи сайта,,
2semechki.ru,https://2semechki.ru/zarplatnye-proekty/vlijanie-zarplatnogo-proekta-na-motivaciju-sotrudnikov/,200,все записи сайта,,
2semechki.ru,https://2semechki.ru/zarplatnye-proekty/sovety-po-vyboru-banka-dlja-zarplatnogo-proekta-kak-najti-optimalnoe-reshenie-dlja-vashej-kompanii/,200,все записи сайта,,
2semechki.ru,https://2semechki.ru/zarplatnye-proekty/chto-takoe-zarplatnyj-proekt-i-ego-preimushhestva/,200,все записи сайта,,
2semechki.ru,https://2semechki.ru/zarplatnye-proekty/kak-vnedrit-zarplatnyj-proekt-v-kompanii/,200,все записи сайта,,
2semechki.ru,https://2semechki.ru/kalkuljator/metallicheskiy-kalkulyator-vash-nezamenimyy-pomoshchnik-v-raschetah/,200,все записи сайта,,
2semechki.ru,https://2semechki.ru/kalkuljator/preimushchestva-onlayn-metallokalkulyatorov-dlya-professionalov-v-metalloindustrii/,200,все записи сайта,,
2semechki.ru,https://2semechki.ru/raznoe/otzyvy-i-reytingi-metallokalkulyatorov-sozdanie-rubriki-v-vashem-informacionnom-bloge/,200,все записи сайта,,
2semechki.ru,https://2semechki.ru/rukovodstva-i-sovety/kak-integrirovat-metallokalkulyator-v-vash-informacionnyy-blog-dlya-privlecheniya-professionalov/,200,все записи сайта,,
2semechki.ru,https://2semechki.ru/raznoe/seo-optimizaciya-statey-o-metallokalkulyatorah-v-informacionnom-bloge/,200,все записи сайта,,
2semechki.ru,https://2semechki.ru/raznoe/ispolzovanie-metallokalkulyatora-dlya-rascheta-stoimosti-metalloprokata/,200,все записи сайта,,
avtogear62.ru,https://avtogear62.ru/tehnologii-i-innovacii/kak-vybrat-nadjozhnye-onlajn-servisy-dlja-biznesa-i-zhizni/,200,все записи сайта,,
avtogear62.ru,https://avtogear62.ru/tehnologii-i-innovacii/innovacii-v-sfere-tehnologij-chto-novogo-na-rynke/,200,все записи сайта,,
avtogear62.ru,https://avtogear62.ru/tehnologii-i-innovacii/kak-avtomatizacija-uproshhaet-povsednevnye-zadachi/,200,все записи сайта,,
avtogear62.ru,https://avtogear62.ru/tehnologii-i-innovacii/sovety-po-zashhite-informacii-v-sovremennom-mire/,200,все записи сайта,,
avtogear62.ru,https://avtogear62.ru/tehnologii-i-innovacii/5-tehnologicheskih-novinok-kotorye-stoit-poprobovat/,200,все записи сайта,,
avtogear62.ru,https://avtogear62.ru/tehnologii-i-innovacii/kak-sovremennye-tehnologii-delajut-zhizn-proshhe/,200,все записи сайта,,
avtogear62.ru,https://avtogear62.ru/vybor-kuhni-dlja-vashego-doma/osobennosti-vybora-kuhonnoj-furnitury-na-chto-obratit-vnimanie/,200,все записи сайта,,
avtogear62.ru,https://avtogear62.ru/vybor-kuhni-dlja-vashego-doma/kak-zakazat-kuhnju-po-individualnomu-proektu-v-tjumeni/,200,все записи сайта,,
avtogear62.ru,https://avtogear62.ru/vybor-kuhni-dlja-vashego-doma/kak-sproektirovat-kuhnju-sovety-dlja-maksimalnoj-jeffektivnosti/,200,все записи сайта,,
avtogear62.ru,https://avtogear62.ru/vybor-kuhni-dlja-vashego-doma/vybor-materialov-dlja-kuhni-kak-ne-pereplatit/,200,все записи сайта,,
avtogear62.ru,https://avtogear62.ru/arbitrazh-kriptovaljut/programmy-dlja-avtomatizacii-arbitrazha-kriptovaljut/,200,все записи сайта,,
avtogear62.ru,https://avtogear62.ru/arbitrazh-kriptovaljut/kak-minimizirovat-riski-pri-arbitrazhe-kriptovaljut/,200,все записи сайта,,
avtogear62.ru,https://avtogear62.ru/kupit-lodku-pod-motor-nedorogo/gde-kupit-lodku-pod-motor-nedorogo/,200,все записи сайта,,
avtogear62.ru,https://avtogear62.ru/arbitrazh-kriptovaljut/sovety-po-vyboru-platformy-dlja-arbitrazha-kriptovaljut/,200,все записи сайта,,
avtogear62.ru,https://avtogear62.ru/arbitrazh-kriptovaljut/preimushhestva-i-riski-arbitrazha-kriptovaljut/,200,все записи сайта,,
avtogear62.ru,https://avtogear62.ru/kupit-lodku-pod-motor-nedorogo/lodki-pod-motor-do-50-000-rublej-chto-vybrat/,200,все записи сайта,,
avtogear62.ru,https://avtogear62.ru/kupit-lodku-pod-motor-nedorogo/kak-vybrat-kachestvennuju-nedoroguju-lodku-pod-motor/,200,все записи сайта,,
avtogear62.ru,https://avtogear62.ru/arbitrazh-kriptovaljut/poshagovoe-rukovodstvo-po-arbitrazhu-kriptovaljut/,200,все записи сайта,,
avtogear62.ru,https://avtogear62.ru/kupit-lodku-pod-motor-nedorogo/preimushhestva-pokupki-lodki-pod-motor-v-rassrochku/,200,все записи сайта,,
avtogear62.ru,https://avtogear62.ru/kupit-lodku-pod-motor-nedorogo/sovety-po-vyboru-nedorogoj-lodki-pod-motor/,200,все записи сайта,,
avtogear62.ru,https://avtogear62.ru/vybor-kuhni-dlja-vashego-doma/kakie-faktory-vlijajut-na-stoimost-kuhni-chto-uchityvat-pri-zakaze/,200,все записи сайта,,
avtogear62.ru,https://avtogear62.ru/kupit-lodku-pod-motor-nedorogo/obzor-deshevyh-lodok-pod-motor/,200,все записи сайта,,
avtogear62.ru,https://avtogear62.ru/vybor-kuhni-dlja-vashego-doma/kak-zakazat-kuhnju-v-tjumeni-nedorogo-sovety-po-vyboru/,200,все записи сайта,,
avtogear62.ru,https://avtogear62.ru/arbitrazh-kriptovaljut/chto-takoe-arbitrazh-kriptovaljut-i-kak-na-nem-zarabotat/,200,все записи сайта,,
avtogear62.ru,https://avtogear62.ru/vosstanovlenie-kuzova/kalkuljator-metalloprokata-dlja-rasscheta-materialy-dlja-vosstanovlenija-kuzova-avtomobilja/,200,все записи сайта,,
avtogear62.ru,https://avtogear62.ru/vosstanovlenie-kuzova/sovremennye-metody-ustranenija-vmjatin-i-carapin-na-kuzove/,200,все записи сайта,,
avtogear62.ru,https://avtogear62.ru/remont-dvigatelja/zamena-prokladki-golovki-bloka-cilindrov-sovety-i-rekomendacii/,200,все записи сайта,,
avtogear62.ru,https://avtogear62.ru/remont-dvigatelja/osnovnye-prichiny-polomok-dvigatelja-i-sposoby-ih-ustranenija/,200,все записи сайта,,
avtogear62.ru,https://avtogear62.ru/avtojelektronika/jelektronnye-sistemy-bezopasnosti-avtomobilej/,200,все записи сайта,,
avtogear62.ru,https://avtogear62.ru/avtojelektronika/obzor-avtomobilnyh-audiosistem/,200,все записи сайта,,
drunk-fish.ru,https://drunk-fish.ru/kiberbezopasnost/kupit-proksi-litvy-bezopasnoe-soedinenie/,200,все записи сайта,,
drunk-fish.ru,https://drunk-fish.ru/kiberbezopasnost/kak-obespechit-bezopasnost-v-internete-s-proksi/,200,все записи сайта,,
drunk-fish.ru,https://drunk-fish.ru/kiberbezopasnost/osnovnye-ugrozy-v-seti-i-sposoby-ih-obhoda/,200,все записи сайта,,
drunk-fish.ru,https://drunk-fish.ru/kiberbezopasnost/pochemu-vazhno-menjat-ip-adres-dlja-zashhity-dannyh/,200,все записи сайта,,
drunk-fish.ru,https://drunk-fish.ru/kiberbezopasnost/kak-vybrat-nadezhnogo-provajdera-proksi/,200,все записи сайта,,
drunk-fish.ru,https://drunk-fish.ru/kiberbezopasnost/obzor-luchshih-reshenij-dlja-onlajn-bezopasnosti/,200,все записи сайта,,
drunk-fish.ru,https://drunk-fish.ru/meroprijatija-i-ih-organizacija/kakie-razvlechenija-mozhno-dobavit-k-osnovnomu-scenariju-prazdnika/,200,все записи сайта,,
drunk-fish.ru,https://drunk-fish.ru/meroprijatija-i-ih-organizacija/novogodnij-vyezdnoj-bar-na-meroprijatie-pljusy-i-minusy/,200,все записи сайта,,
drunk-fish.ru,https://drunk-fish.ru/meroprijatija-i-ih-organizacija/kak-sdelat-prazdnik-zapominajushhimsja-dlja-vseh-gostej/,200,все записи сайта,,
drunk-fish.ru,https://drunk-fish.ru/meroprijatija-i-ih-organizacija/sovety-po-tajm-menedzhmentu-pri-planirovanii-meroprijatija/,200,все записи сайта,,
drunk-fish.ru,https://drunk-fish.ru/meroprijatija-i-ih-organizacija/kak-vybrat-professionalnogo-organizatora-prazdnikov/,200,все записи сайта,,
drunk-fish.ru,https://drunk-fish.ru/meroprijatija-i-ih-organizacija/pochemu-vazhna-horoshaja-organizacija-prazdnichnyh-meroprijatij/,200,все записи сайта,,
drunk-fish.ru,https://drunk-fish.ru/lodki-dlja-otdyha-na-prirode/preimushhestva-grebnyh-lodok-pvh-dlja-semejnogo-otdyha/,200,все записи сайта,,
drunk-fish.ru,https://drunk-fish.ru/lodki-dlja-otdyha-na-prirode/bezopasnost-na-vode-vazhnye-sovety-dlja-semejnyh-progulok/,200,все записи сайта,,
drunk-fish.ru,https://drunk-fish.ru/lodki-dlja-otdyha-na-prirode/kakie-aksessuary-vzjat-s-soboj-na-lodku-dlja-komfortnogo-otdyha/,200,все записи сайта,,
drunk-fish.ru,https://drunk-fish.ru/lodki-dlja-otdyha-na-prirode/sovety-po-organizacii-piknika-na-vode/,200,все записи сайта,,
drunk-fish.ru,https://drunk-fish.ru/lodki-dlja-otdyha-na-prirode/idei-dlja-aktivnogo-otdyha-na-prirode-s-lodkoj/,200,все записи сайта,,
drunk-fish.ru,https://drunk-fish.ru/lodki-dlja-otdyha-na-prirode/kak-vybrat-lodku-dlja-plavanija-po-ozjoram/,200,все записи сайта,,
drunk-fish.ru,https://drunk-fish.ru/obrazovanie-dlja-startapov/kak-obuchenie-pomogaet-izbezhat-oshibok-rol-obrazovanija-v-uspehe-startapov/,200,все записи сайта,,
drunk-fish.ru,https://drunk-fish.ru/obrazovanie-dlja-startapov/obrazovatelnye-resursy-dlja-startapov/,200,все записи сайта,,
drunk-fish.ru,https://drunk-fish.ru/obrazovanie-dlja-startapov/sovety-po-vyboru-obrazovatelnyh-kursov-kak-najti-idealnuju-programmu/,200,все записи сайта,,
drunk-fish.ru,https://drunk-fish.ru/obrazovanie-dlja-startapov/luchshie-obrazovatelnye-programmy-dlja-startapov/,200,все записи сайта,,
drunk-fish.ru,https://drunk-fish.ru/obrazovanie-dlja-startapov/kak-obrazovanie-pomogaet-startapam-rasti/,200,все записи сайта,,
drunk-fish.ru,https://drunk-fish.ru/spa-kurorty-i-bazy-otdyha/biorevitalizacija-dlja-omolozhenija/,200,все записи сайта,,
drunk-fish.ru,https://drunk-fish.ru/semejnyj-otdyh-na-prirode-i-rybalka/recepty-dlja-prigotovlenija-na-kostre-idei-dlja-semejnyh-uzhinov/,200,все записи сайта,,
drunk-fish.ru,https://drunk-fish.ru/semejnyj-otdyh-na-prirode-i-rybalka/vodnye-razvlechenija-dlja-vsej-semi-ot-katanija-na-lodkah-do-plavanija/,200,все записи сайта,,
drunk-fish.ru,https://drunk-fish.ru/spa-kurorty-i-bazy-otdyha/relaks-i-meditacija-v-spa-kurortah-kak-dostich-garmonii/,200,все записи сайта,,
drunk-fish.ru,https://drunk-fish.ru/pohody-kemping-i-rybalka/rybalka-na-gornyh-rekah-chto-nuzhno-znat/,200,все записи сайта,,
drunk-fish.ru,https://drunk-fish.ru/pohody-kemping-i-rybalka/planirovanie-mnogodnevnogo-pohoda-chto-vzjat-s-soboj/,200,все записи сайта,,
elintel.ru,https://elintel.ru/mezhdunarodnye-tehnologii/rumynskij-proksi-preimushhestva-ispolzovanija/,200,все записи сайта,,
elintel.ru,https://elintel.ru/mezhdunarodnye-tehnologii/obzor-mezhdunarodnyh-cifrovyh-reshenij/,200,все записи сайта,,
elintel.ru,https://elintel.ru/mezhdunarodnye-tehnologii/kak-zashhitit-dannye-pri-mezhdunarodnyh-operacijah/,200,все записи сайта,,
elintel.ru,https://elintel.ru/mezhdunarodnye-tehnologii/kakie-tehnologii-pomogajut-mezhdunarodnym-kompanijam/,200,все записи сайта,,
elintel.ru,https://elintel.ru/mezhdunarodnye-tehnologii/pochemu-mezhdunarodnye-tehnologii-vazhny-dlja-biznesa/,200,все записи сайта,,
elintel.ru,https://elintel.ru/mezhdunarodnye-tehnologii/kak-vybrat-luchshij-mezhdunarodnyj-servis-dlja-biznesa/,200,все записи сайта,,
elintel.ru,https://elintel.ru/kuhni-dlja-raznyh-tipov-pomeshhenij/preimushhestva-uglovyh-kuhon-dlja-malogabaritnyh-kvartir/,200,все записи сайта,,
elintel.ru,https://elintel.ru/kuhni-dlja-raznyh-tipov-pomeshhenij/reshenija-dlja-kompaktnyh-kuhon-kak-gramotno-ispolzovat-prostranstvo/,200,все записи сайта,,
elintel.ru,https://elintel.ru/kuhni-dlja-raznyh-tipov-pomeshhenij/kak-vybrat-kuhnju-dlja-dachi-praktichnye-i-bjudzhetnye-varianty/,200,все записи сайта,,
elintel.ru,https://elintel.ru/kuhni-dlja-raznyh-tipov-pomeshhenij/idealnaja-kuhnja-dlja-studii-osobennosti-proektirovanija/,200,все записи сайта,,
elintel.ru,https://elintel.ru/kuhni-dlja-raznyh-tipov-pomeshhenij/kak-vybrat-kuhnju-dlja-chastnogo-doma-sovety-ot-specialistov/,200,все записи сайта,,
elintel.ru,https://elintel.ru/kuhni-dlja-raznyh-tipov-pomeshhenij/kuhni-v-tjumeni-chto-vybrat-dlja-malenkoj-kvartiry/,200,все записи сайта,,
elintel.ru,https://elintel.ru/biznes-kejsy-i-primery/kak-ispolzovat-biznes-kejsy-dlja-obuchenija-sotrudnikov/,200,все записи сайта,,
elintel.ru,https://elintel.ru/biznes-kejsy-i-primery/programmy-dlja-sozdanija-i-analiza-biznes-kejsov/,200,все записи сайта,,
elintel.ru,https://elintel.ru/biznes-kejsy-i-primery/oshibki-v-analize-biznes-kejsov-i-kak-ih-izbezhat/,200,все записи сайта,,
elintel.ru,https://elintel.ru/biznes-kejsy-i-primery/primery-uspeshnyh-biznes-kejsov-v-raznyh-otrasljah/,200,все записи сайта,,
elintel.ru,https://elintel.ru/biznes-kejsy-i-primery/kak-analizirovat-biznes-kejsy-dlja-povyshenija-jeffektivnosti/,200,все записи сайта,,
elintel.ru,https://elintel.ru/kupit-lodku-pvh-s-motorom-v-spb/kupit-lodku-pvh-s-motorom-v-spb-gde-najti-luchshie-predlozhenija/,200,все записи сайта,,
elintel.ru,https://elintel.ru/kupit-lodku-pvh-s-motorom-v-spb/luchshie-magaziny-spb-dlja-pokupki-lodok-pvh-s-motorom/,200,все записи сайта,,
elintel.ru,https://elintel.ru/kupit-lodku-pvh-s-motorom-v-spb/sovety-po-pokupke-lodki-pvh-s-motorom-v-spb-dlja-novichkov/,200,все записи сайта,,
elintel.ru,https://elintel.ru/kupit-lodku-pvh-s-motorom-v-spb/kak-vybrat-lodku-pvh-s-motorom-dlja-vodoemov-spb/,200,все записи сайта,,
elintel.ru,https://elintel.ru/biznes-kejsy-i-primery/biznes-kejsy-primery-uspeshnyh-kompanij/,200,все записи сайта,,
elintel.ru,https://elintel.ru/kupit-lodku-pvh-s-motorom-v-spb/top-5-modelej-lodok-pvh-s-motorom-v-spb/,200,все записи сайта,,
elintel.ru,https://elintel.ru/kupit-lodku-pvh-s-motorom-v-spb/kakie-dokumenty-nuzhny-dlja-pokupki-lodki-pvh-s-motorom-v-spb/,200,все записи сайта,,
elintel.ru,https://elintel.ru/raschety-metallov-dlja-svetotehnicheskoj-produkcii/metallokalkuljator-ot-alfa-sojuz-dlja-udobstva-i-tochnosti-v-raschetah-v-stroitelstve/,200,все записи сайта,,
elintel.ru,https://elintel.ru/raschety-metallov-dlja-svetotehnicheskoj-produkcii/primenenie-razlichnyh-metallov-v-svetotehnike/,200,все записи сайта,,
elintel.ru,https://elintel.ru/tehnologii-proizvodstva-svetotehniki/jenergosberegajushhie-tehnologii-v-svetotehnike-kak-proizvodstvo-stanovitsja-jekologichnee/,200,все записи сайта,,
elintel.ru,https://elintel.ru/tehnologii-proizvodstva-svetotehniki/sovremennye-tehnologii-proizvodstva-svetodiodov-principy-i-processy/,200,все записи сайта,,
elintel.ru,https://elintel.ru/istorija-svetotehnicheskih-sredstv/rol-svetotehnicheskih-sredstv-v-arhitekture-i-dizajne-interera-na-protjazhenii-vekov/,200,все записи сайта,,
elintel.ru,https://elintel.ru/istorija-svetotehnicheskih-sredstv/jevoljucija-svetotehniki-ot-drevnih-fakelov-do-sovremennyh-led-lamp/,200,все записи сайта,,
kakudobrit.ru,https://kakudobrit.ru/messendzhery-i-obshhenie/pochemu-stoit-kupit-proksi-dlja-discord/,200,все записи сайта,,
kakudobrit.ru,https://kakudobrit.ru/messendzhery-i-obshhenie/zachem-messendzheram-stabilnoe-soedinenie/,200,все записи сайта,,
kakudobrit.ru,https://kakudobrit.ru/messendzhery-i-obshhenie/privatnost-i-anonimnost-pri-obshhenii-onlajn/,200,все записи сайта,,
kakudobrit.ru,https://kakudobrit.ru/messendzhery-i-obshhenie/chto-delat-pri-blokirovke-akkaunta-discord/,200,все записи сайта,,
kakudobrit.ru,https://kakudobrit.ru/messendzhery-i-obshhenie/ispolzovanie-proksi-v-telegram-i-whatsapp/,200,все записи сайта,,
kakudobrit.ru,https://kakudobrit.ru/messendzhery-i-obshhenie/kak-zashhitit-svoi-dannye-v-messendzherah/,200,все записи сайта,,
kakudobrit.ru,https://kakudobrit.ru/lodki-pvh-pod-motor/kak-vybrat-podhodjashhij-motor-dlja-lodki-pvh/,200,все записи сайта,,
kakudobrit.ru,https://kakudobrit.ru/lodki-pvh-pod-motor/obzor-lodok-pvh-pod-motor-ot-jekonom-do-premium-modelej/,200,все записи сайта,,
kakudobrit.ru,https://kakudobrit.ru/lodki-pvh-pod-motor/lodki-pvh-pod-motor-chto-nuzhno-znat-pered-pokupkoj/,200,все записи сайта,,
kakudobrit.ru,https://kakudobrit.ru/lodki-pvh-pod-motor/osobennosti-jekspluatacii-lodok-pvh-pod-motor-v-razlichnyh-uslovijah/,200,все записи сайта,,
kakudobrit.ru,https://kakudobrit.ru/lodki-pvh-pod-motor/bezopasnost-na-vode-sovety-dlja-vladelcev-lodok-pvh-pod-motor/,200,все записи сайта,,
kakudobrit.ru,https://kakudobrit.ru/lodki-pvh-pod-motor/pochemu-stoit-vybrat-lodku-pvh-pod-motor/,200,все записи сайта,,
kakudobrit.ru,https://kakudobrit.ru/jekonomicheskie-prognozy/primery-uspeshnogo-ispolzovanija-jekonomicheskih-prognozov/,200,все записи сайта,,
kakudobrit.ru,https://kakudobrit.ru/jekonomicheskie-prognozy/sovety-po-uchetu-jekonomicheskih-prognozov-pri-planirovanii-biznesa/,200,все записи сайта,,
kakudobrit.ru,https://kakudobrit.ru/jekonomicheskie-prognozy/vazhnost-jekonomicheskih-prognozov-dlja-biznesa-kak-predvidet-i-adaptirovatsja-k-izmenenijam/,200,все записи сайта,,
kakudobrit.ru,https://kakudobrit.ru/jekonomicheskie-prognozy/prognozy-razvitija-otdelnyh-otraslej-jekonomiki/,200,все записи сайта,,
kakudobrit.ru,https://kakudobrit.ru/jekonomicheskie-prognozy/vlijanie-jekonomicheskih-prognozov-na-biznes/,200,все записи сайта,,
kakudobrit.ru,https://kakudobrit.ru/jekonomicheskie-prognozy/prognozy-razvitija-mirovoj-jekonomiki/,200,все записи сайта,,
kakudobrit.ru,https://kakudobrit.ru/kalkuljator/metallicheskiy-kalkulyator-onlayn-osnovnye-funkcii-i-preimushchestva/,200,все записи сайта,,
kakudobrit.ru,https://kakudobrit.ru/udobrenija/udobreniya-svoimi-rukami-prostye-recepty-dlya-vashego-sada/,200,все записи сайта,,
kakudobrit.ru,https://kakudobrit.ru/kalkuljator/ispolzovanie-metallokalkulyatora-v-raschete-konstrukciy-dlya-udobritelnyh-zavodov/,200,все записи сайта,,
kakudobrit.ru,https://kakudobrit.ru/udobrenija/kak-pravilno-ispolzovat-udobreniya-sovety-i-rekomendacii/,200,все записи сайта,,
kakudobrit.ru,https://kakudobrit.ru/raznoe/razrabotka-sistem-hraneniya-udobreniy-vklad-metallokalkulyatorov-v-proektirovanie-i-ekonomiku/,200,все записи сайта,,
kakudobrit.ru,https://kakudobrit.ru/udobrenija/vliyanie-udobreniy-na-zdorove-pochvy-ekologicheskiy-vzglyad/,200,все записи сайта,,
kgdink.ru,https://kgdink.ru/tehnicheskie-reshenija/sovety-po-nastrojke-i-ispolzovaniju-isp-proksi/,200,все записи сайта,,
kgdink.ru,https://kgdink.ru/tehnicheskie-reshenija/isp-proksi-dlja-zashhity-dannyh-kak-jeto-rabotaet/,200,все записи сайта,,
kgdink.ru,https://kgdink.ru/tehnicheskie-reshenija/kupit-isp-proksi-chto-jeto-i-kakie-u-nih-preimushhestva/,200,все записи сайта,,
kgdink.ru,https://kgdink.ru/tehnicheskie-reshenija/kak-vybrat-kachestvennye-isp-proksi-dlja-biznesa/,200,все записи сайта,,
kgdink.ru,https://kgdink.ru/tehnicheskie-reshenija/kakie-zadachi-reshajut-isp-proksi/,200,все записи сайта,,
kgdink.ru,https://kgdink.ru/tehnicheskie-reshenija/v-chjom-raznica-mezhdu-isp-i-rezidentskimi-proksi/,200,все записи сайта,,
kgdink.ru,https://kgdink.ru/katamarany/pokupka-katamaranov-kak-sdelat-pravilnyj-vybor/,200,все записи сайта,,
kgdink.ru,https://kgdink.ru/katamarany/obzor-luchshih-katamaranov-dlja-otdyha-na-vode/,200,все записи сайта,,
kgdink.ru,https://kgdink.ru/katamarany/kak-uhazhivat-za-katamaranom-posle-aktivnogo-ispolzovanija/,200,все записи сайта,,
kgdink.ru,https://kgdink.ru/katamarany/kak-vybrat-katamaran-dlja-dlitelnyh-puteshestvij/,200,все записи сайта,,
kgdink.ru,https://kgdink.ru/katamarany/preimushhestva-katamaranov-dlja-semejnyh-progulok/,200,все записи сайта,,
kgdink.ru,https://kgdink.ru/katamarany/sovety-po-pokupke-katamarana-dlja-aktivnogo-otdyha/,200,все записи сайта,,
kgdink.ru,https://kgdink.ru/bezopasnost-i-dropshipping/primery-uspeshnyh-kompanij-ispolzujushhih-dropshipping/,200,все записи сайта,,
kgdink.ru,https://kgdink.ru/bezopasnost-i-dropshipping/kak-avtomatizirovat-process-dropshippinga-sovety-i-instrumenty/,200,все записи сайта,,
kgdink.ru,https://kgdink.ru/bezopasnost-i-dropshipping/sovety-po-vyboru-nadjozhnyh-postavshhikov-dlja-dropshippinga/,200,все записи сайта,,
kgdink.ru,https://kgdink.ru/bezopasnost-i-dropshipping/kak-izbezhat-moshennichestva-pri-rabote-s-dropshippingom/,200,все записи сайта,,
kgdink.ru,https://kgdink.ru/bezopasnost-i-dropshipping/preimushhestva-i-riski-dropshippinga-dlja-biznesa/,200,все записи сайта,,
kgdink.ru,https://kgdink.ru/bezopasnost-i-dropshipping/chto-takoe-dropshipping-i-kak-ego-ispolzovat-v-biznese/,200,все записи сайта,,
kgdink.ru,https://kgdink.ru/jeffektivnye-sredstva-dlja-omolozhenija/jalupro-hmw-kak-kljuch-k-omolozheniju-i-zdorovju-vashej-kozhi/,200,все записи сайта,,
kgdink.ru,https://kgdink.ru/biorevitalizacija/jalupro-hmw-mnenija-i-rezultaty-ispolzovanija-biorevitalizanta/,200,все записи сайта,,
kgdink.ru,https://kgdink.ru/sovremennye-kosmetologicheskie-sredstva/novinki-kosmetologii-chto-novogo-mozhno-kupit-v-internet-magazinah-v-jetom-sezone/,200,все записи сайта,,
kgdink.ru,https://kgdink.ru/sovremennye-kosmetologicheskie-sredstva/kak-izbezhat-poddelok-pri-pokupke-kosmetologicheskih-sredstv-onlajn-poleznye-sovety/,200,все записи сайта,,
kgdink.ru,https://kgdink.ru/sovremennye-kosmetologicheskie-sredstva/kak-vybrat-internet-magazin-dlja-pokupki-kosmetologicheskih-sredstv-sovety-jekspertov/,200,все записи сайта,,
kgdink.ru,https://kgdink.ru/sovremennye-kosmetologicheskie-sredstva/onlajn-vitrina-jeffektivnyh-sredstv-kosmetologii-luchshie-predlozhenija-dlja-vashej-kozhi/,200,все записи сайта,,
ledpnz.ru,https://ledpnz.ru/internet-i-razvlechenija/kakie-tehnologii-pomogut-uluchshit-onlajn-razvlechenija/,200,все записи сайта,,
ledpnz.ru,https://ledpnz.ru/internet-i-razvlechenija/kupit-proksi-dlja-youtube-kak-vybrat-i-ispolzovat/,200,все записи сайта,,
ledpnz.ru,https://ledpnz.ru/internet-i-razvlechenija/sovety-po-vyboru-servisov-dlja-onlajn-prosmotra/,200,все записи сайта,,
ledpnz.ru,https://ledpnz.ru/internet-i-razvlechenija/kak-izbezhat-geoblokirovok-pri-prosmotre-video/,200,все записи сайта,,
ledpnz.ru,https://ledpnz.ru/internet-i-razvlechenija/preimushhestva-ispolzovanija-vpn-i-proksi-dlja-razvlechenij/,200,все записи сайта,,
ledpnz.ru,https://ledpnz.ru/internet-i-razvlechenija/kak-zashhitit-lichnye-dannye-na-razvlekatelnyh-sajtah/,200,все записи сайта,,
ledpnz.ru,https://ledpnz.ru/finansovye-operacii/instrumenty-dlja-upravlenija-overnajt-operacijami/,200,все записи сайта,,
ledpnz.ru,https://ledpnz.ru/finansovye-operacii/oshibki-pri-ispolzovanii-overnajt-i-kak-ih-izbezhat/,200,все записи сайта,,
ledpnz.ru,https://ledpnz.ru/finansovye-operacii/kak-vybrat-podhodjashhego-finansovogo-partnjora-dlja-provedenija-overnajt/,200,все записи сайта,,
ledpnz.ru,https://ledpnz.ru/finansovye-operacii/preimushhestva-ispolzovanija-overnajt-dlja-biznesa/,200,все записи сайта,,
ledpnz.ru,https://ledpnz.ru/kupit-lodku-pod-motor/kak-kupit-lodku-pod-motor-sovety-i-rekomendacii/,200,все записи сайта,,
ledpnz.ru,https://ledpnz.ru/finansovye-operacii/vlijanie-overnajt-na-finansovye-operacii-kompanii/,200,все записи сайта,,
ledpnz.ru,https://ledpnz.ru/kupit-lodku-pod-motor/sovety-po-jekspluatacii-lodki-pod-motor/,200,все записи сайта,,
ledpnz.ru,https://ledpnz.ru/kupit-lodku-pod-motor/rekomendacii-po-pokupke-lodki-pod-motor-nedorogo/,200,все записи сайта,,
ledpnz.ru,https://ledpnz.ru/kupit-lodku-pod-motor/osobennosti-vybora-lodki-pod-motor-dlja-ohoty-i-rybalki/,200,все записи сайта,,
ledpnz.ru,https://ledpnz.ru/kupit-lodku-pod-motor/kak-vybrat-lodku-pod-motor-dlja-razlichnyh-vidov-otdyha/,200,все записи сайта,,
ledpnz.ru,https://ledpnz.ru/finansovye-operacii/kak-rabotaet-overnajt-chto-nuzhno-znat-biznesu/,200,все записи сайта,,
ledpnz.ru,https://ledpnz.ru/kupit-lodku-pod-motor/top-5-mest-dlja-pokupki-lodok-pod-motor/,200,все записи сайта,,
ledpnz.ru,https://ledpnz.ru/jekologichnoe-osveshhenie/metallokalkuljator-dlja-solnechnyh-panelej-optimizacija-ispolzovanija-resursov-pri-ustanovke/,200,все записи сайта,,
ledpnz.ru,https://ledpnz.ru/jekologichnoe-osveshhenie/zelenaja-jenergija-ispolzovanie-solnechnyh-panelej-dlja-domashnego-osveshhenija/,200,все записи сайта,,
ledpnz.ru,https://ledpnz.ru/tehnologii-osveshhenija/umnyj-dom-integracija-sovremennyh-osvetitelnyh-sistem/,200,все записи сайта,,
ledpnz.ru,https://ledpnz.ru/tehnologii-osveshhenija/led-vs-galogen-vs-fluorescent-sravnenie-tehnologij-osveshhenija/,200,все записи сайта,,
ledpnz.ru,https://ledpnz.ru/dizajn-osveshhenija/tendencii-v-dizajne-svetilnikov-2024-goda-chto-v-mode/,200,все записи сайта,,
ledpnz.ru,https://ledpnz.ru/dizajn-osveshhenija/iskusstvo-sveta-kak-pravilno-vybrat-osveshhenie-dlja-kazhdoj-komnaty/,200,все записи сайта,,
mai-hoshi.ru,https://mai-hoshi.ru/proksi-dlja-videokontenta/luchshie-servisy-dlja-raboty-s-youtube-cherez-proksi/,200,все записи сайта,,
mai-hoshi.ru,https://mai-hoshi.ru/proksi-dlja-videokontenta/sovety-po-zashhite-dannyh-pri-ispolzovanii-videoservisov/,200,все записи сайта,,
mai-hoshi.ru,https://mai-hoshi.ru/proksi-dlja-videokontenta/mozhno-li-obojti-geoogranichenija-s-pomoshhju-proksi/,200,все записи сайта,,
mai-hoshi.ru,https://mai-hoshi.ru/proksi-dlja-videokontenta/kak-vybrat-luchshij-youtube-proksi-dlja-raboty/,200,все записи сайта,,
mai-hoshi.ru,https://mai-hoshi.ru/proksi-dlja-videokontenta/preimushhestva-proksi-dlja-videokreatorov/,200,все записи сайта,,
mai-hoshi.ru,https://mai-hoshi.ru/proksi-dlja-videokontenta/kak-uluchshit-striming-i-skorost-zagruzki-video-s-proksi/,200,все записи сайта,,
mai-hoshi.ru,https://mai-hoshi.ru/puteshestvija-na-lodkah/kak-vybrat-podvesnoj-motor-dlja-puteshestvij-po-rekam-v-spb/,200,все записи сайта,,
mai-hoshi.ru,https://mai-hoshi.ru/puteshestvija-na-lodkah/kak-splanirovat-idealnoe-puteshestvie-na-lodke-v-spb/,200,все записи сайта,,
mai-hoshi.ru,https://mai-hoshi.ru/puteshestvija-na-lodkah/idei-dlja-puteshestvij-na-lodkah-i-katamaranah-po-rekam/,200,все записи сайта,,
mai-hoshi.ru,https://mai-hoshi.ru/puteshestvija-na-lodkah/kak-pravilno-jekspluatirovat-lodochnyj-motor-pri-dalnih-poezdkah/,200,все записи сайта,,
mai-hoshi.ru,https://mai-hoshi.ru/puteshestvija-na-lodkah/sovety-po-vyboru-lodki-i-motora-dlja-semejnyh-puteshestvij/,200,все записи сайта,,
mai-hoshi.ru,https://mai-hoshi.ru/puteshestvija-na-lodkah/kak-pravilno-podgotovit-lodku-i-motor-k-dalnim-puteshestvijam/,200,все записи сайта,,
mai-hoshi.ru,https://mai-hoshi.ru/planirovanie-i-oformlenie-novogodnih-barov/kak-sozdat-novogodnjuju-atmosferu-s-pomoshhju-vyezdnogo-bara/,200,все записи сайта,,
mai-hoshi.ru,https://mai-hoshi.ru/planirovanie-i-oformlenie-novogodnih-barov/sovety-po-organizacii-novogodnego-bara-na-ulice/,200,все записи сайта,,
mai-hoshi.ru,https://mai-hoshi.ru/planirovanie-i-oformlenie-novogodnih-barov/kak-podobrat-dekor-dlja-novogodnego-vyezdnogo-bara/,200,все записи сайта,,
mai-hoshi.ru,https://mai-hoshi.ru/planirovanie-i-oformlenie-novogodnih-barov/kak-planirovat-novogodnij-vyezdnoj-bar-shag-za-shagom/,200,все записи сайта,,
mai-hoshi.ru,https://mai-hoshi.ru/planirovanie-i-oformlenie-novogodnih-barov/rol-barmena-v-organizacii-novogodnego-vyezdnogo-bara/,200,все записи сайта,,
mai-hoshi.ru,https://mai-hoshi.ru/planirovanie-i-oformlenie-novogodnih-barov/trendy-v-oformlenii-novogodnego-vyezdnogo-bara/,200,все записи сайта,,
mai-hoshi.ru,https://mai-hoshi.ru/biznes-kejsy-i-issledovanija/vazhnost-biznes-kejsov-dlja-obuchenija-i-razvitija/,200,все записи сайта,,
mai-hoshi.ru,https://mai-hoshi.ru/biznes-kejsy-i-issledovanija/kak-provodit-biznes-issledovanija-poshagovoe-rukovodstvo/,200,все записи сайта,,
mai-hoshi.ru,https://mai-hoshi.ru/biznes-kejsy-i-issledovanija/primery-uspeshnyh-biznes-issledovanij-kak-oni-pomogli-kompanijam-dostich-uspeha/,200,все записи сайта,,
mai-hoshi.ru,https://mai-hoshi.ru/biznes-kejsy-i-issledovanija/vlijanie-biznes-kejsov-na-razvitie-kompanij/,200,все записи сайта,,
mai-hoshi.ru,https://mai-hoshi.ru/biznes-kejsy-i-issledovanija/kak-analizirovat-biznes-kejsy-poshagovoe-rukovodstvo/,200,все записи сайта,,
mai-hoshi.ru,https://mai-hoshi.ru/biznes-kejsy-i-issledovanija/primery-uspeshnyh-biznes-kejsov/,200,все записи сайта,,
mai-hoshi.ru,https://mai-hoshi.ru/puteshestvija-s-sobakoj-i-spa-procedury/jalupro-rozovyj-spa-uslugi-dlja-hozjaev-i-ih-pitomcev/,200,все записи сайта,,
mai-hoshi.ru,https://mai-hoshi.ru/sobaki-i-zdorove-hozjaev/sobaki-i-profilaktika-serdechno-sosudistyh-zabolevanij-u-hozjaev/,200,все записи сайта,,
mai-hoshi.ru,https://mai-hoshi.ru/puteshestvija-s-sobakoj-i-spa-procedury/oteli-i-kurorty-predlagajushhie-specialnye-programmy-dlja-sobak/,200,все записи сайта,,
mai-hoshi.ru,https://mai-hoshi.ru/sobaki-i-zdorove-hozjaev/preimushhestva-terapii-s-ispolzovaniem-sobak-dlja-ljudej-s-autizmom/,200,все записи сайта,,
mai-hoshi.ru,https://mai-hoshi.ru/zakonodatelstvo-i-prava-vladelcev-sobak/pravila-soderzhanija-i-vygula-sobak-v-chastnyh-domah-i-na-dachah/,200,все записи сайта,,
mai-hoshi.ru,https://mai-hoshi.ru/zakonodatelstvo-i-prava-vladelcev-sobak/zashhita-prav-zhivotnyh-kak-obrashhatsja-v-sud-s-zhalobami-na-zhestokoe-obrashhenie/,200,все записи сайта,,
omegabay.ru,https://omegabay.ru/budushhee-tehnologij/proksi-dlja-chatgpt-kak-sohranit-dostup-k-ii-servisam/,200,все записи сайта,,
omegabay.ru,https://omegabay.ru/budushhee-tehnologij/kak-ispolzovat-chatgpt-bezopasnee/,200,все записи сайта,,
omegabay.ru,https://omegabay.ru/budushhee-tehnologij/vlijanie-proksi-na-privatnost-v-rabote-s-ii/,200,все записи сайта,,
omegabay.ru,https://omegabay.ru/budushhee-tehnologij/instrumenty-dlja-razrabotchikov-ii/,200,все записи сайта,,
omegabay.ru,https://omegabay.ru/budushhee-tehnologij/kak-proksi-pomogajut-obhodit-regionalnye-ogranichenija/,200,все записи сайта,,
omegabay.ru,https://omegabay.ru/budushhee-tehnologij/budushhee-iskusstvennogo-intellekta/,200,все записи сайта,,
omegabay.ru,https://omegabay.ru/tehnika-dlja-aktivnogo-otdyha/prodazha-podvesnyh-lodochnyh-motorov-sovety-dlja-pokupatelej/,200,все записи сайта,,
omegabay.ru,https://omegabay.ru/tehnika-dlja-aktivnogo-otdyha/obzor-luchshih-motornyh-lodok-dlja-otdyha/,200,все записи сайта,,
omegabay.ru,https://omegabay.ru/tehnika-dlja-aktivnogo-otdyha/sovety-po-organizacii-piknika-na-vode/,200,все записи сайта,,
omegabay.ru,https://omegabay.ru/tehnika-dlja-aktivnogo-otdyha/kakie-aksessuary-dobavit-dlja-udobstva-puteshestvij/,200,все записи сайта,,
omegabay.ru,https://omegabay.ru/tehnika-dlja-aktivnogo-otdyha/kak-uluchshit-komfort-v-motornoj-lodke/,200,все записи сайта,,
omegabay.ru,https://omegabay.ru/tehnika-dlja-aktivnogo-otdyha/kak-vybrat-motor-dlja-semejnogo-otdyha-na-vode/,200,все записи сайта,,
omegabay.ru,https://omegabay.ru/preimushhestva-jekvajringa/tehnologicheskie-trendy-v-jekvajringe/,200,все записи сайта,,
omegabay.ru,https://omegabay.ru/preimushhestva-jekvajringa/primery-uspeshnogo-ispolzovanija-jekvajringa/,200,все записи сайта,,
omegabay.ru,https://omegabay.ru/preimushhestva-jekvajringa/vlijanie-jekvajringa-na-prodazhi/,200,все записи сайта,,
omegabay.ru,https://omegabay.ru/preimushhestva-jekvajringa/sovety-po-optimizacii-jekvajringa/,200,все записи сайта,,
omegabay.ru,https://omegabay.ru/preimushhestva-jekvajringa/kak-vybrat-jekvajringovyj-bank/,200,все записи сайта,,
omegabay.ru,https://omegabay.ru/preimushhestva-jekvajringa/jekvajring-i-ego-preimushhestva-dlja-biznesa/,200,все записи сайта,,
omegabay.ru,https://omegabay.ru/zdorove-krasota-i-fitnes-dlja-vindserferov/biorevitalizacija-vosstanovlenie-kozhi-posle-solnechnogo-vozdejstvija/,200,все записи сайта,,
omegabay.ru,https://omegabay.ru/mesta-dlja-vindserfinga/mesta-dlja-vindserfinga-na-chernomorskom-poberezhe-rossija-i-ukraina/,200,все записи сайта,,
omegabay.ru,https://omegabay.ru/zdorove-krasota-i-fitnes-dlja-vindserferov/vosstanovlenie-myshc-luchshie-spa-procedury-dlja-vindserferov/,200,все записи сайта,,
omegabay.ru,https://omegabay.ru/remont-i-obsluzhivanie-oborudovanija/sovety-po-uhodu-za-gidrokostjumom-i-zashhitnym-snarjazheniem/,200,все записи сайта,,
omegabay.ru,https://omegabay.ru/remont-i-obsluzhivanie-oborudovanija/profilaktika-i-ustranenie-techi-v-naduvnyh-doskah-dlja-vindserfinga/,200,все записи сайта,,
omegabay.ru,https://omegabay.ru/mesta-dlja-vindserfinga/top-10-luchshih-mest-dlja-vindserfinga-v-mire/,200,все записи сайта,,
prforce.ru,https://prforce.ru/kiberbezopasnost/kakie-tehnologii-ispolzovat-dlja-povyshenija-bezopasnosti/,200,все записи сайта,,
prforce.ru,https://prforce.ru/kiberbezopasnost/kak-proksi-pomogajut-obhodit-geograficheskie-blokirovki/,200,все записи сайта,,
prforce.ru,https://prforce.ru/kiberbezopasnost/obzor-populjarnyh-instrumentov-dlja-anonimnosti/,200,все записи сайта,,
prforce.ru,https://prforce.ru/kiberbezopasnost/sovety-po-zashhite-personalnyh-dannyh/,200,все записи сайта,,
prforce.ru,https://prforce.ru/kiberbezopasnost/kak-proksi-pomogajut-zashhitit-dannye-v-internete/,200,все записи сайта,,
prforce.ru,https://prforce.ru/kiberbezopasnost/pochemu-vazhna-kiberbezopasnost-v-sovremennom-mire/,200,все записи сайта,,
prforce.ru,https://prforce.ru/navigacija-i-bezopasnost/ceny-na-lodochnye-motory-chto-vlijaet-na-stoimost/,200,все записи сайта,,
prforce.ru,https://prforce.ru/navigacija-i-bezopasnost/luchshie-sovety-po-planirovaniju-marshrutov/,200,все записи сайта,,
prforce.ru,https://prforce.ru/navigacija-i-bezopasnost/kak-obespechit-bezopasnost-vo-vremja-dlitelnyh-poezdok/,200,все записи сайта,,
prforce.ru,https://prforce.ru/navigacija-i-bezopasnost/kakie-ustrojstva-neobhodimy-dlja-navigacii-na-vode/,200,все записи сайта,,
prforce.ru,https://prforce.ru/navigacija-i-bezopasnost/sovety-po-vyboru-spasatelnyh-zhiletov/,200,все записи сайта,,
prforce.ru,https://prforce.ru/navigacija-i-bezopasnost/kak-vybrat-gps-ustrojstvo-dlja-motornoj-lodki/,200,все записи сайта,,
prforce.ru,https://prforce.ru/organizacija-vyezdnogo-bara-na-novyj-god/sozdanie-novogodnego-nastroenija-s-pomoshhju-vyezdnogo-bara/,200,все записи сайта,,
prforce.ru,https://prforce.ru/organizacija-vyezdnogo-bara-na-novyj-god/trendy-v-organizacii-vyezdnyh-barov-na-novyj-god/,200,все записи сайта,,
prforce.ru,https://prforce.ru/organizacija-vyezdnogo-bara-na-novyj-god/kak-vybrat-podhodjashhij-vyezdnoj-bar-na-novyj-god/,200,все записи сайта,,
prforce.ru,https://prforce.ru/organizacija-vyezdnogo-bara-na-novyj-god/preimushhestva-vyezdnogo-bara-na-novyj-god-dlja-vashego-prazdnika/,200,все записи сайта,,
prforce.ru,https://prforce.ru/organizacija-vyezdnogo-bara-na-novyj-god/idei-dlja-novogodnego-vyezdnogo-bara-napitki-i-koktejli/,200,все записи сайта,,
prforce.ru,https://prforce.ru/organizacija-vyezdnogo-bara-na-novyj-god/kak-organizovat-vyezdnoj-bar-na-novyj-god-dlja-vashego-meroprijatija/,200,все записи сайта,,
prforce.ru,https://prforce.ru/predprinimatelstvo/kak-najti-partnjorov-dlja-biznesa/,200,все записи сайта,,
prforce.ru,https://prforce.ru/predprinimatelstvo/sovety-po-masshtabirovaniju-biznesa/,200,все записи сайта,,
prforce.ru,https://prforce.ru/predprinimatelstvo/kak-vybrat-nishu-dlja-uspeshnogo-biznesa/,200,все записи сайта,,
prforce.ru,https://prforce.ru/predprinimatelstvo/oshibki-nachinajushhih-predprinimatelej-i-kak-ih-izbezhat/,200,все записи сайта,,
prforce.ru,https://prforce.ru/predprinimatelstvo/kak-privlech-investorov-dlja-razvitija-biznesa/,200,все записи сайта,,
prforce.ru,https://prforce.ru/predprinimatelstvo/kak-nachat-svoj-biznes-s-nulja-poshagovoe-rukovodstvo/,200,все записи сайта,,
prforce.ru,https://prforce.ru/torgovye-sbory/primery-uspeshnogo-upravlenija-torgovymi-sborami/,200,все записи сайта,,
prforce.ru,https://prforce.ru/torgovye-sbory/kak-izbezhat-shtrafov-za-ne-uplatu-torgovogo-sbora/,200,все записи сайта,,
prforce.ru,https://prforce.ru/torgovye-sbory/vlijanie-torgovogo-sbora-na-biznes/,200,все записи сайта,,
prforce.ru,https://prforce.ru/torgovye-sbory/sovety-po-optimizacii-uplaty-torgovogo-sbora-kak-sokratit-zatraty-biznesa/,200,все записи сайта,,
prforce.ru,https://prforce.ru/torgovye-sbory/kak-uplachivat-torgovyj-sbor/,200,все записи сайта,,
prforce.ru,https://prforce.ru/torgovye-sbory/chto-takoe-torgovyj-sbor-i-kak-ego-rasschitat/,200,все записи сайта,,
prforce.ru,https://prforce.ru/proverka-podlinnosti-i-pokupka/kupit-jalupro-hmw-bez-riska-kak-opredelit-podlinnost-produkta-na-onlajn-platformah/,200,все записи сайта,,
prforce.ru,https://prforce.ru/proverka-podlinnosti-i-pokupka/proverjaem-originalnost-jalupro-hmw-rukovodstvo-po-pokupke-u-oficialnyh-predstavitelej/,200,все записи сайта,,
prforce.ru,https://prforce.ru/marketingovye-strategii/prodvizhenie-biorevitalizantov-opyt-i-strategii-uvelichenija-prodazh/,200,все записи сайта,,
prforce.ru,https://prforce.ru/marketingovye-strategii/marketingovye-hody-dlja-prodazhi-biorevitalizantov-uluchshenie-rezultatov-u-vozrastnoj-kozhi/,200,все записи сайта,,
prforce.ru,https://prforce.ru/upravlenie-reputaciej/pr-strategii-dlja-liderstva-kak-pr-direktora-povyshajut-stoimost-brendov-v-industrii-krasoty/,200,все записи сайта,,
prforce.ru,https://prforce.ru/upravlenie-reputaciej/upravlenie-reputaciej-v-kosmetologii-rol-pr-direktorov-v-sovremennom-biznese/,200,все записи сайта,,
pro-covers.ru,https://pro-covers.ru/pokupka-kuhni-v-tjumeni/sekrety-pokupki-kuhni-kak-vybrat-idealnuju-model/,200,все записи сайта,,
pro-covers.ru,https://pro-covers.ru/pokupka-kuhni-v-tjumeni/gde-v-tjumeni-kupit-kachestvennuju-kuhnju-po-vygodnoj-cene/,200,все записи сайта,,
pro-covers.ru,https://pro-covers.ru/pokupka-kuhni-v-tjumeni/sravnenie-gotovyh-kuhon-i-kuhon-na-zakaz-chto-vybrat/,200,все записи сайта,,
pro-covers.ru,https://pro-covers.ru/pokupka-kuhni-v-tjumeni/preimushhestva-pokupki-kuhni-s-ustanovkoj-chto-uchest-pri-zakaze/,200,все записи сайта,,
pro-covers.ru,https://pro-covers.ru/pokupka-kuhni-v-tjumeni/kak-vybrat-gotovuju-kuhnju-v-tjumeni-na-chto-obratit-vnimanie/,200,все записи сайта,,
pro-covers.ru,https://pro-covers.ru/pokupka-kuhni-v-tjumeni/gde-kupit-kuhnju-v-tjumeni-obzor-luchshih-predlozhenij/,200,все записи сайта,,
pro-covers.ru,https://pro-covers.ru/upravlenie-kachestvom-produkcii/programmy-dlja-avtomatizacii-kontrolja-kachestva-produkcii/,200,все записи сайта,,
pro-covers.ru,https://pro-covers.ru/upravlenie-kachestvom-produkcii/oshibki-v-upravlenii-kachestvom-i-kak-ih-izbezhat/,200,все записи сайта,,
pro-covers.ru,https://pro-covers.ru/upravlenie-kachestvom-produkcii/sovremennye-metody-kontrolja-kachestva-produkcii/,200,все записи сайта,,
pro-covers.ru,https://pro-covers.ru/upravlenie-kachestvom-produkcii/rol-upravlenija-kachestvom-v-uspehe-kompanii/,200,все записи сайта,,
pro-covers.ru,https://pro-covers.ru/upravlenie-kachestvom-produkcii/kak-povysit-kachestvo-produkcii-na-proizvodstve/,200,все записи сайта,,
pro-covers.ru,https://pro-covers.ru/deshevye-lodki-pvh-pod-motor/top-aksessuarov-dlja-deshevyh-lodok-pvh-pod-motor/,200,все записи сайта,,
pro-covers.ru,https://pro-covers.ru/deshevye-lodki-pvh-pod-motor/kak-pravilno-obsluzhivat-deshevye-lodki-pvh-pod-motor/,200,все записи сайта,,
pro-covers.ru,https://pro-covers.ru/deshevye-lodki-pvh-pod-motor/preimushhestva-pokupki-deshevoj-lodki-pvh-pod-motor/,200,все записи сайта,,
pro-covers.ru,https://pro-covers.ru/deshevye-lodki-pvh-pod-motor/luchshie-bjudzhetnye-lodki-pvh-pod-motor-2024-goda/,200,все записи сайта,,
pro-covers.ru,https://pro-covers.ru/deshevye-lodki-pvh-pod-motor/sovety-po-vyboru-deshevoj-lodki-pvh-pod-motor/,200,все записи сайта,,
pro-covers.ru,https://pro-covers.ru/upravlenie-kachestvom-produkcii/osnovy-upravlenija-kachestvom-produkcii-v-kompanii/,200,все записи сайта,,
pro-covers.ru,https://pro-covers.ru/deshevye-lodki-pvh-pod-motor/obzor-deshevyh-lodok-pvh-pod-motor-chto-vybrat-i-gde-kupit/,200,все записи сайта,,
pro-covers.ru,https://pro-covers.ru/remont-kuzova/metallokalkuljator-udobnyj-instrument-dlja-ocenki-stoimosti-detalej-kuzova/,200,все записи сайта,,
pro-covers.ru,https://pro-covers.ru/kak-vybrat-avtomobil/kak-vybrat-avtomobil-dlja-zimnih-uslovij-osobennosti-i-rekomendacii/,200,все записи сайта,,
pro-covers.ru,https://pro-covers.ru/remont-kuzova/lajfhaki-dlja-samostojatelnogo-remonta-melkih-povrezhdenij-kuzova/,200,все записи сайта,,
pro-covers.ru,https://pro-covers.ru/kak-vybrat-avtomobil/na-chto-obratit-vnimanie-pri-vybore-avtomobilja-dlja-dalnih-poezdok/,200,все записи сайта,,
pro-covers.ru,https://pro-covers.ru/remont-kuzova/chastichnaja-pokraska-avtomobilja-kogda-jeto-imeet-smysl-i-kak-sdelat-pravilno/,200,все записи сайта,,
pro-covers.ru,https://pro-covers.ru/avtochehly-i-aksessuary/kak-vybrat-avtochehly-materialy-dizajn-i-funkcionalnost/,200,все записи сайта,,
promplo.ru,https://promplo.ru/cifrovaja-privatnost/oshibki-pri-vybore-servisov-anonimizacii/,200,все записи сайта,,
promplo.ru,https://promplo.ru/cifrovaja-privatnost/vlijanie-rezidentskih-proksi-na-skorost-raboty/,200,все записи сайта,,
promplo.ru,https://promplo.ru/cifrovaja-privatnost/rezident-proksi-kak-oni-rabotajut-i-kogda-nuzhny/,200,все записи сайта,,
promplo.ru,https://promplo.ru/cifrovaja-privatnost/scenarii-ispolzovanija-proksi-v-onlajn-shopinge/,200,все записи сайта,,
promplo.ru,https://promplo.ru/cifrovaja-privatnost/kak-vybrat-servis-dlja-privatnogo-serfinga/,200,все записи сайта,,
promplo.ru,https://promplo.ru/cifrovaja-privatnost/chem-otlichajutsja-rezidentskie-i-data-centr-proksi/,200,все записи сайта,,
promplo.ru,https://promplo.ru/sovremennye-sposoby-oplaty/kak-obespechit-bezopasnost-mobilnyh-platezhej/,200,все записи сайта,,
promplo.ru,https://promplo.ru/sovremennye-sposoby-oplaty/preimushhestva-cifrovyh-platezhej-dlja-malogo-biznesa/,200,все записи сайта,,
promplo.ru,https://promplo.ru/sovremennye-sposoby-oplaty/kak-vnedrit-oplatu-cherez-smartfon-v-biznese/,200,все записи сайта,,
promplo.ru,https://promplo.ru/sovremennye-sposoby-oplaty/beznalichnaja-oplata-trendy-i-perspektivy/,200,все записи сайта,,
promplo.ru,https://promplo.ru/sovremennye-sposoby-oplaty/kakie-sposoby-oplaty-predpochitajut-sovremennye-potrebiteli/,200,все записи сайта,,
promplo.ru,https://promplo.ru/kupit-lodku-pvh-pod-motor/preimushhestva-pokupki-lodki-pvh-pod-motor-onlajn/,200,все записи сайта,,
promplo.ru,https://promplo.ru/kupit-lodku-pvh-pod-motor/sovety-po-tehnicheskomu-obsluzhivaniju-lodki-pvh-pod-motor/,200,все записи сайта,,
promplo.ru,https://promplo.ru/kupit-lodku-pvh-pod-motor/kakie-aksessuary-vybrat-dlja-lodki-pvh-pod-motor/,200,все записи сайта,,
promplo.ru,https://promplo.ru/kupit-lodku-pvh-pod-motor/kupit-lodku-pvh-pod-motor-chto-vazhno-znat/,200,все записи сайта,,
promplo.ru,https://promplo.ru/kupit-lodku-pvh-pod-motor/top-bjudzhetnyh-variantov-lodok-pvh-pod-motor-v-2024-godu/,200,все записи сайта,,
promplo.ru,https://promplo.ru/kupit-lodku-pvh-pod-motor/kak-vybrat-lodku-pvh-pod-motor-sovety-jekspertov/,200,все записи сайта,,
promplo.ru,https://promplo.ru/novogodnie-meroprijatija-i-vyezdnye-bary/kak-sozdat-unikalnyj-novogodnij-bar-na-vashem-meroprijatii/,200,все записи сайта,,
promplo.ru,https://promplo.ru/novogodnie-meroprijatija-i-vyezdnye-bary/populjarnye-napitki-dlja-novogodnego-vyezdnogo-bara/,200,все записи сайта,,
promplo.ru,https://promplo.ru/novogodnie-meroprijatija-i-vyezdnye-bary/sovety-po-vyboru-novogodnego-vyezdnogo-bara-dlja-kompanij/,200,все записи сайта,,
promplo.ru,https://promplo.ru/sovremennye-sposoby-oplaty/sposoby-oplaty-cherez-smartfon-preimushhestva-dlja-biznesa/,200,все записи сайта,,
promplo.ru,https://promplo.ru/novogodnie-meroprijatija-i-vyezdnye-bary/novogodnij-vyezdnoj-bar-na-meroprijatie-sovety-po-organizacii/,200,все записи сайта,,
promplo.ru,https://promplo.ru/novogodnie-meroprijatija-i-vyezdnye-bary/kak-sdelat-vash-novogodnij-korporativ-zapominajushhimsja-s-pomoshhju-vyezdnogo-bara/,200,все записи сайта,,
promplo.ru,https://promplo.ru/novogodnie-meroprijatija-i-vyezdnye-bary/idei-novogodnih-koktejlej-dlja-vyezdnogo-bara-na-meroprijatii/,200,все записи сайта,,
promplo.ru,https://promplo.ru/metalloizdelija-i-metallokalkuljatory/metallokalkuljator-trub-rukovodstvo-po-ispolzovaniju-dlja-nachinajushhih/,200,все записи сайта,,
promplo.ru,https://promplo.ru/podderzhka-malogo-i-srednego-biznesa-v-promyshlennoj-sfere/znachenie-cifrovizacii-dlja-malogo-i-srednego-promyshlennogo-biznesa/,200,все записи сайта,,
promplo.ru,https://promplo.ru/metalloizdelija-i-metallokalkuljatory/metalloizdelija-v-stroitelstve-sovety-po-vyboru-i-ispolzovaniju/,200,все записи сайта,,
promplo.ru,https://promplo.ru/podderzhka-malogo-i-srednego-biznesa-v-promyshlennoj-sfere/gosudarstvennye-programmy-podderzhki-malogo-i-srednego-biznesa-v-promyshlennosti/,200,все записи сайта,,
promplo.ru,https://promplo.ru/jenergeticheskaja-infrastruktura/jenergeticheskie-klastery-kooperacija-dlja-povyshenija-jeffektivnosti/,200,все записи сайта,,
promplo.ru,https://promplo.ru/jenergeticheskaja-infrastruktura/teplojenergeticheskaja-infrastruktura-novye-reshenija-i-tehnologii/,200,все записи сайта,,
property-in-alanya.ru,https://property-in-alanya.ru/mezhdunarodnye-tehnologii/obzor-luchshih-mezhdunarodnyh-proksi-servisov/,200,все записи сайта,,
property-in-alanya.ru,https://property-in-alanya.ru/mezhdunarodnye-tehnologii/proksi-velikobritanii-preimushhestva-dlja-marketinga/,200,все записи сайта,,
property-in-alanya.ru,https://property-in-alanya.ru/mezhdunarodnye-tehnologii/kupit-proksi-velikobritanii-zachem-i-kak-ispolzovat/,200,все записи сайта,,
property-in-alanya.ru,https://property-in-alanya.ru/mezhdunarodnye-tehnologii/kakie-zadachi-reshajut-mezhdunarodnye-proksi/,200,все записи сайта,,
property-in-alanya.ru,https://property-in-alanya.ru/mezhdunarodnye-tehnologii/pochemu-evropejskie-proksi-populjarny-u-kompanij/,200,все записи сайта,,
property-in-alanya.ru,https://property-in-alanya.ru/mezhdunarodnye-tehnologii/kak-vybrat-proksi-iz-evropy-dlja-biznesa/,200,все записи сайта,,
property-in-alanya.ru,https://property-in-alanya.ru/aktivnyj-otdyh-na-vode/chto-vzjat-s-soboj-na-katamaran-dlja-komfortnogo-otdyha/,200,все записи сайта,,
property-in-alanya.ru,https://property-in-alanya.ru/aktivnyj-otdyh-na-vode/kak-organizovat-otdyh-na-katamarane-v-sankt-peterburge/,200,все записи сайта,,
property-in-alanya.ru,https://property-in-alanya.ru/aktivnyj-otdyh-na-vode/vlijanie-katamarana-na-kachestvo-otdyha-pljusy-i-minusy/,200,все записи сайта,,
property-in-alanya.ru,https://property-in-alanya.ru/aktivnyj-otdyh-na-vode/kak-uhazhivat-za-katamaranom-posle-dolgogo-ispolzovanija/,200,все записи сайта,,
property-in-alanya.ru,https://property-in-alanya.ru/aktivnyj-otdyh-na-vode/sovety-po-bezopasnosti-na-vode-chto-nuzhno-uchest/,200,все записи сайта,,
property-in-alanya.ru,https://property-in-alanya.ru/aktivnyj-otdyh-na-vode/preimushhestva-katamaranov-dlja-otdyha-na-prirode/,200,все записи сайта,,
property-in-alanya.ru,https://property-in-alanya.ru/upravlenie-denezhnymi-potokami/instrumenty-dlja-kontrolja-denezhnyh-potokov/,200,все записи сайта,,
property-in-alanya.ru,https://property-in-alanya.ru/upravlenie-denezhnymi-potokami/planirovanie-i-prognozirovanie-denezhnyh-potokov/,200,все записи сайта,,
property-in-alanya.ru,https://property-in-alanya.ru/upravlenie-denezhnymi-potokami/oshibki-v-upravlenii-cash-flow-i-kak-ih-izbezhat/,200,все записи сайта,,
property-in-alanya.ru,https://property-in-alanya.ru/upravlenie-denezhnymi-potokami/finansovye-strategii-dlja-uvelichenija-cash-flow/,200,все записи сайта,,
property-in-alanya.ru,https://property-in-alanya.ru/upravlenie-denezhnymi-potokami/kak-pravilno-upravljat-denezhnymi-potokami-v-kompanii/,200,все записи сайта,,
property-in-alanya.ru,https://property-in-alanya.ru/upravlenie-denezhnymi-potokami/chto-takoe-cash-flow-i-kak-ego-kontrolirovat/,200,все записи сайта,,
property-in-alanya.ru,https://property-in-alanya.ru/spa-i-relaks-procedury-v-alane/jalupro-hmw-3-ml-v-alane-otzyvy-i-realnye-istorii-klientov/,200,все записи сайта,,
property-in-alanya.ru,https://property-in-alanya.ru/rekomendacii-dlja-pereezda-v-alanju/nalogi-i-sbory-dlja-novyh-zhitelej-alani-chto-nuzhno-znat/,200,все записи сайта,,
property-in-alanya.ru,https://property-in-alanya.ru/spa-i-relaks-procedury-v-alane/antistressovye-programmy-v-spa-salonah-alani/,200,все записи сайта,,
property-in-alanya.ru,https://property-in-alanya.ru/rekomendacii-dlja-pereezda-v-alanju/sovety-po-izucheniju-tureckogo-jazyka-dlja-novyh-zhitelej-alani/,200,все записи сайта,,
property-in-alanya.ru,https://property-in-alanya.ru/rekomendacii-dlja-pereezda-v-alanju/razvitie-turisticheskoj-infrastruktury-i-ego-vlijanie-na-nedvizhimost/,200,все записи сайта,,
property-in-alanya.ru,https://property-in-alanya.ru/bez-rubriki/rynok-jelitnoj-nedvizhimosti-v-alane-obzor-i-perspektivy/,200,все записи сайта,,
speciallabel.ru,https://speciallabel.ru/cifrovaja-bezopasnost/rezidentskie-proksi-kak-zashhitit-dannye-v-internete/,200,все записи сайта,,
speciallabel.ru,https://speciallabel.ru/cifrovaja-bezopasnost/pochemu-vazhno-ispolzovat-bezopasnye-onlajn-servisy/,200,все записи сайта,,
speciallabel.ru,https://speciallabel.ru/cifrovaja-bezopasnost/cifrovaja-bezopasnost-v-povsednevnoj-zhizni/,200,все записи сайта,,
speciallabel.ru,https://speciallabel.ru/cifrovaja-bezopasnost/kakie-tehnologii-pomogut-zashhititsja-ot-utechek-informacii/,200,все записи сайта,,
speciallabel.ru,https://speciallabel.ru/cifrovaja-bezopasnost/sovety-po-zashhite-konfidencialnyh-dannyh/,200,все записи сайта,,
speciallabel.ru,https://speciallabel.ru/cifrovaja-bezopasnost/kak-obespechit-cifrovuju-bezopasnost-kompanii/,200,все записи сайта,,
speciallabel.ru,https://speciallabel.ru/lodochnye-motory-uhod-i-jekspluatacija/kak-pravilno-uhazhivat-za-lodochnym-motorom-dlja-dlitelnogo-sroka-sluzhby/,200,все записи сайта,,
speciallabel.ru,https://speciallabel.ru/lodochnye-motory-uhod-i-jekspluatacija/sovety-po-hraneniju-lodochnyh-motorov-v-zimnij-period/,200,все записи сайта,,
speciallabel.ru,https://speciallabel.ru/lodochnye-motory-uhod-i-jekspluatacija/kak-prodlit-srok-sluzhby-lodochnogo-motora/,200,все записи сайта,,
speciallabel.ru,https://speciallabel.ru/lodochnye-motory-uhod-i-jekspluatacija/uhod-za-lodochnym-motorom-chto-nuzhno-znat-dlja-dolgogo-sroka-sluzhby/,200,все записи сайта,,
speciallabel.ru,https://speciallabel.ru/lodochnye-motory-uhod-i-jekspluatacija/kak-vybrat-lodochnyj-motor-dlja-semejnyh-progulok/,200,все записи сайта,,
speciallabel.ru,https://speciallabel.ru/lodochnye-motory-uhod-i-jekspluatacija/sovety-po-jekspluatacii-lodochnogo-motora-v-jekstremalnyh-uslovijah/,200,все записи сайта,,
speciallabel.ru,https://speciallabel.ru/lichnaja-jeffektivnost-i-produktivnost/programmy-dlja-povyshenija-lichnoj-jeffektivnosti-predprinimatelej/,200,все записи сайта,,
speciallabel.ru,https://speciallabel.ru/lichnaja-jeffektivnost-i-produktivnost/kak-organizovat-rabochij-den-dlja-maksimalnoj-produktivnosti/,200,все записи сайта,,
speciallabel.ru,https://speciallabel.ru/lichnaja-jeffektivnost-i-produktivnost/oshibki-snizhajushhie-jeffektivnost-v-biznese-i-kak-ih-izbezhat/,200,все записи сайта,,
speciallabel.ru,https://speciallabel.ru/lichnaja-jeffektivnost-i-produktivnost/sovety-po-upravleniju-vremenem-dlja-uvelichenija-produktivnosti/,200,все записи сайта,,
speciallabel.ru,https://speciallabel.ru/lichnaja-jeffektivnost-i-produktivnost/top-10-privychek-uspeshnyh-predprinimatelej-kljuchevye-strategii-dlja-dostizhenija-uspeha/,200,все записи сайта,,
speciallabel.ru,https://speciallabel.ru/lichnaja-jeffektivnost-i-produktivnost/kak-povysit-lichnuju-jeffektivnost-v-biznese-sovety-dlja-predprinimatelej/,200,все записи сайта,,
speciallabel.ru,https://speciallabel.ru/startapy-i-predprinimatelstvo/oshibki-kotoryh-sleduet-izbegat-pri-zapuske-startapa/,200,все записи сайта,,
speciallabel.ru,https://speciallabel.ru/startapy-i-predprinimatelstvo/sovety-po-upravleniju-startapom/,200,все записи сайта,,
speciallabel.ru,https://speciallabel.ru/startapy-i-predprinimatelstvo/primery-uspeshnyh-startapov/,200,все записи сайта,,
speciallabel.ru,https://speciallabel.ru/startapy-i-predprinimatelstvo/kak-razvivat-startap-v-uslovijah-konkurencii/,200,все записи сайта,,
speciallabel.ru,https://speciallabel.ru/startapy-i-predprinimatelstvo/kak-najti-investorov-dlja-startapa/,200,все записи сайта,,
speciallabel.ru,https://speciallabel.ru/startapy-i-predprinimatelstvo/sovety-po-zapusku-startapa/,200,все записи сайта,,
speciallabel.ru,https://speciallabel.ru/markirovka-i-onlajn-prodazhi-v-kosmetologii/jalupro-hmw-cena-i-markirovka-pravovye-trebovanija/,200,все записи сайта,,
speciallabel.ru,https://speciallabel.ru/pechat-i-dizajn-jetiketok-dlja-kosmetiki/kak-vybrat-materialy-dlja-pechati-jetiketok-dlja-kosmeticheskoj-produkcii/,200,все записи сайта,,
speciallabel.ru,https://speciallabel.ru/pechat-i-dizajn-jetiketok-dlja-kosmetiki/psihologija-potrebitelja-chto-dolzhno-byt-na-jetiketke-kosmeticheskogo-produkta/,200,все записи сайта,,
speciallabel.ru,https://speciallabel.ru/cifrovaja-markirovka/reshenie-problem-s-kontrafaktnoj-produkciej-cherez-cifrovuju-markirovku/,200,все записи сайта,,
speciallabel.ru,https://speciallabel.ru/cifrovaja-markirovka/preimushhestva-cifrovoj-markirovki-dlja-kosmeticheskoj-produkcii/,200,все записи сайта,,
speciallabel.ru,https://speciallabel.ru/pechat-i-dizajn-jetiketok-dlja-kosmetiki/kreativnye-idei-dlja-dizajna-jetiketok-ogranichennyh-serij-kosmetiki/,200,все записи сайта,,
techfile.ru,https://techfile.ru/proksi-dlja-biznesa/pochemu-kompanii-vybirajut-platnye-proksi/,200,все записи сайта,,
techfile.ru,https://techfile.ru/proksi-dlja-biznesa/kak-ispolzovat-proksi-dlja-avtomatizacii-zadach/,200,все записи сайта,,
techfile.ru,https://techfile.ru/proksi-dlja-biznesa/kupit-proksi-velikobritanii-chto-vazhno-znat/,200,все записи сайта,,
techfile.ru,https://techfile.ru/proksi-dlja-biznesa/obzor-kejsov-uspeshnogo-ispolzovanija-proksi-v-biznese/,200,все записи сайта,,
techfile.ru,https://techfile.ru/proksi-dlja-biznesa/sovety-po-vyboru-proksi-dlja-kompanij/,200,все записи сайта,,
techfile.ru,https://techfile.ru/proksi-dlja-biznesa/kak-proksi-pomogajut-v-marketingovyh-issledovanijah/,200,все записи сайта,,
techfile.ru,https://techfile.ru/rybalka-na-motornyh-lodkah/kak-vybrat-motor-dlja-rybalki-na-ozere/,200,все записи сайта,,
techfile.ru,https://techfile.ru/rybalka-na-motornyh-lodkah/sovety-po-vyboru-rybolovnyh-aksessuarov/,200,все записи сайта,,
techfile.ru,https://techfile.ru/rybalka-na-motornyh-lodkah/obzor-luchshih-motornyh-lodok-dlja-rybalki/,200,все записи сайта,,
techfile.ru,https://techfile.ru/rybalka-na-motornyh-lodkah/kakie-snasti-nuzhny-dlja-rybalki-na-motornoj-lodke/,200,все записи сайта,,
techfile.ru,https://techfile.ru/rybalka-na-motornyh-lodkah/kak-organizovat-rybalku-v-trudnodostupnyh-mestah/,200,все записи сайта,,
techfile.ru,https://techfile.ru/rybalka-na-motornyh-lodkah/sovety-po-lovle-ryby-s-motornoj-lodki/,200,все записи сайта,,
techfile.ru,https://techfile.ru/sovremennye-tehnologii-v-biznese/kak-ispolzovat-ai-dlja-avtomatizacii-biznes-processov/,200,все записи сайта,,
techfile.ru,https://techfile.ru/sovremennye-tehnologii-v-biznese/kak-oblachnye-tehnologii-pomogajut-sokratit-izderzhki-v-biznese/,200,все записи сайта,,
techfile.ru,https://techfile.ru/sovremennye-tehnologii-v-biznese/primery-uspeshnogo-ispolzovanija-blokchejn-v-biznese/,200,все записи сайта,,
techfile.ru,https://techfile.ru/sovremennye-tehnologii-v-biznese/top-5-tehnologij-kotorye-izmenjat-biznes-v-blizhajshie-5-let/,200,все записи сайта,,
techfile.ru,https://techfile.ru/sovremennye-tehnologii-v-biznese/vlijanie-bolshih-dannyh-na-prinjatie-reshenij-v-biznese/,200,все записи сайта,,
techfile.ru,https://techfile.ru/sovremennye-tehnologii-v-biznese/kak-internet-veshhej-menjaet-sovremennye-kompanii/,200,все записи сайта,,
techfile.ru,https://techfile.ru/juridicheskie-voprosy-dlja-biznesa/kak-zashhitit-svoi-prava-v-sude/,200,все записи сайта,,
techfile.ru,https://techfile.ru/juridicheskie-voprosy-dlja-biznesa/regulirovanie-dejatelnosti-kompanij/,200,все записи сайта,,
techfile.ru,https://techfile.ru/juridicheskie-voprosy-dlja-biznesa/osnovy-kontraktnogo-prava/,200,все записи сайта,,
techfile.ru,https://techfile.ru/juridicheskie-voprosy-dlja-biznesa/juridicheskie-aspekty-vedenija-biznesa/,200,все записи сайта,,
techfile.ru,https://techfile.ru/juridicheskie-voprosy-dlja-biznesa/kak-zaregistrirovat-kompaniju/,200,все записи сайта,,
techfile.ru,https://techfile.ru/juridicheskie-voprosy-dlja-biznesa/chto-takoe-oao-i-kakie-ego-osobennosti/,200,все записи сайта,,
techfile.ru,https://techfile.ru/produkty-dlja-omolozhenija/jalupro-hmw-dlja-omolozhenija-kozhi-kak-vybrat-i-ispolzovat-pravilno/,200,все записи сайта,,
techfile.ru,https://techfile.ru/biorevitalizacija/tehnologija-provedenija-biorevitalizacii-poshagovoe-rukovodstvo-dlja-novichkov/,200,все записи сайта,,
techfile.ru,https://techfile.ru/antivozrastnye-sredstva/biorevitalizant-mify-i-realnost/,200,все записи сайта,,
techfile.ru,https://techfile.ru/antivozrastnye-sredstva/sekrety-uspeshnogo-vybora-antivozrastnyh-sredstv-na-chto-obrashhat-vnimanie-pri-pokupke-v-onlajn-magazinah/,200,все записи сайта,,
techfile.ru,https://techfile.ru/produkty-dlja-omolozhenija/obzor-innovacionnyh-produktov-dlja-omolozhenija-kozhi-trendy-i-rekomendacii-jekspertov/,200,все записи сайта,,
techfile.ru,https://techfile.ru/biorevitalizacija/vvedenie-v-mir-biorevitalizacii-vse-chto-nuzhno-znat-o-procedure/,200,все записи сайта,,
top-audit.ru,https://top-audit.ru/onlajn-shoping-i-e-commerce/proksi-dlja-aliexpress-zachem-oni-nuzhny-pokupateljam/,200,все записи сайта,,
top-audit.ru,https://top-audit.ru/onlajn-shoping-i-e-commerce/oshibki-novichkov-v-onlajn-shopinge/,200,все записи сайта,,
top-audit.ru,https://top-audit.ru/onlajn-shoping-i-e-commerce/lichnyj-opyt-mezhdunarodnye-pokupki-cherez-proksi/,200,все записи сайта,,
top-audit.ru,https://top-audit.ru/onlajn-shoping-i-e-commerce/top-5-sovetov-dlja-zashhity-akkaunta-aliexpress/,200,все записи сайта,,
top-audit.ru,https://top-audit.ru/onlajn-shoping-i-e-commerce/bezopasnye-sposoby-oplaty-na-marketplejsah/,200,все записи сайта,,
top-audit.ru,https://top-audit.ru/onlajn-shoping-i-e-commerce/kak-obojti-blokirovki-pri-pokupkah-rabochie-sposoby-i-sovety/,200,все записи сайта,,
top-audit.ru,https://top-audit.ru/lodki-dlja-aktivnogo-otdyha/kak-vybrat-grebnuju-lodku-pvh-dlja-rybalki-i-progulok/,200,все записи сайта,,
top-audit.ru,https://top-audit.ru/lodki-dlja-aktivnogo-otdyha/idei-dlja-aktivnogo-otdyha-na-vode-s-grebnoj-lodkoj-pvh/,200,все записи сайта,,
top-audit.ru,https://top-audit.ru/lodki-dlja-aktivnogo-otdyha/kak-vybrat-lodku-dlja-dlitelnyh-puteshestvij-na-prirode/,200,все записи сайта,,
top-audit.ru,https://top-audit.ru/lodki-dlja-aktivnogo-otdyha/kak-pravilno-uhazhivat-za-grebnoj-lodkoj-posle-ispolzovanija/,200,все записи сайта,,
top-audit.ru,https://top-audit.ru/lodki-dlja-aktivnogo-otdyha/preimushhestva-grebnyh-lodok-dlja-otdyha-na-prirode/,200,все записи сайта,,
top-audit.ru,https://top-audit.ru/lodki-dlja-aktivnogo-otdyha/sovety-po-vyboru-grebnoj-lodki-dlja-semejnyh-puteshestvij/,200,все записи сайта,,
top-audit.ru,https://top-audit.ru/liderstvo-i-motivacija/kak-stat-jeffektivnym-liderom-sovety-dlja-predprinimatelej/,200,все записи сайта,,
top-audit.ru,https://top-audit.ru/liderstvo-i-motivacija/programmy-dlja-obuchenija-liderov-i-motivacii-sotrudnikov/,200,все записи сайта,,
top-audit.ru,https://top-audit.ru/liderstvo-i-motivacija/kak-sozdat-komandu-orientirovannuju-na-rezultat/,200,все записи сайта,,
top-audit.ru,https://top-audit.ru/liderstvo-i-motivacija/oshibki-kotoryh-sleduet-izbegat-lideru-v-kompanii-rukovodstvo-k-uspehu/,200,все записи сайта,,
top-audit.ru,https://top-audit.ru/liderstvo-i-motivacija/kak-razvivat-liderskie-kachestva-v-uslovijah-vysokoj-konkurencii/,200,все записи сайта,,
top-audit.ru,https://top-audit.ru/liderstvo-i-motivacija/tehniki-motivacii-sotrudnikov-dlja-povyshenija-produktivnosti/,200,все записи сайта,,
top-audit.ru,https://top-audit.ru/jeffektivnoe-upravlenie/kak-povysit-jeffektivnost-biznes-processov/,200,все записи сайта,,
top-audit.ru,https://top-audit.ru/jeffektivnoe-upravlenie/primery-uspeshnyh-upravlencheskih-reshenij/,200,все записи сайта,,
top-audit.ru,https://top-audit.ru/jeffektivnoe-upravlenie/metody-optimizacii-raboty-kompanii/,200,все записи сайта,,
top-audit.ru,https://top-audit.ru/jeffektivnoe-upravlenie/sovremennye-podhody-k-upravleniju/,200,все записи сайта,,
top-audit.ru,https://top-audit.ru/jeffektivnoe-upravlenie/kak-izbezhat-oshibok-v-upravlenii/,200,все записи сайта,,
top-audit.ru,https://top-audit.ru/jeffektivnoe-upravlenie/sovety-po-jeffektivnomu-upravleniju-biznesom/,200,все записи сайта,,
top-audit.ru,https://top-audit.ru/pokupka-i-ispolzovanie-kosmetiki/kupit-jalupro-hmw-pravilno-rekomendacii-po-vyboru-i-pokupke-v-internete/,200,все записи сайта,,
top-audit.ru,https://top-audit.ru/strategii-prodvizhenija-biorevitalizantov/jeffektivnost-i-pribylnost-biorevitalizantov-analiz-onlajn-platform/,200,все записи сайта,,
top-audit.ru,https://top-audit.ru/strategii-prodvizhenija-biorevitalizantov/biorevitalizanty-na-onlajn-rynke-strategii-prodvizhenija-i-audit-prodazh-ot-proizvoditelja/,200,все записи сайта,,
top-audit.ru,https://top-audit.ru/audit-i-optimizacija-biznesa/kak-auditorsko-konsaltingovye-uslugi-sposobstvujut-uspehu-v-industrii-kosmetologii/,200,все записи сайта,,
top-audit.ru,https://top-audit.ru/audit-i-optimizacija-biznesa/kljuchevye-aspekty-audita-dlja-uluchshenija-prodazh-kosmeticheskih-sredstv-dlja-omolozhenija/,200,все записи сайта,,
top-audit.ru,https://top-audit.ru/audit-i-optimizacija-biznesa/optimizacija-biznes-processov-v-kosmetologii-i-onlajn-prodazhah-rol-auditorsko-konsaltingovoj-gruppy/,200,все записи сайта,,
unit-org.ru,https://unit-org.ru/rezidentskie-proksi/obzor-populjarnyh-servisov-rezidentskih-proksi/,200,все записи сайта,,
unit-org.ru,https://unit-org.ru/rezidentskie-proksi/platnye-rezidentskie-proksi-kak-vybrat-luchshie/,200,все записи сайта,,
unit-org.ru,https://unit-org.ru/rezidentskie-proksi/kak-zashhitit-svoju-kompaniju-s-pomoshhju-rezidentskih-proksi/,200,все записи сайта,,
unit-org.ru,https://unit-org.ru/rezidentskie-proksi/preimushhestva-rezidentskih-proksi-dlja-seo/,200,все записи сайта,,
unit-org.ru,https://unit-org.ru/rezidentskie-proksi/kak-nastroit-rezidentskie-proksi-dlja-jeffektivnoj-raboty/,200,все записи сайта,,
unit-org.ru,https://unit-org.ru/rezidentskie-proksi/pochemu-rezidentskie-proksi-luchshe-dlja-analiza-dannyh/,200,все записи сайта,,
unit-org.ru,https://unit-org.ru/napitki-i-koktejli/sovety-po-servirovke-napitkov-dlja-bolshih-meroprijatij/,200,все записи сайта,,
unit-org.ru,https://unit-org.ru/napitki-i-koktejli/recepty-gorjachih-napitkov-dlja-zimnih-vecherinok/,200,все записи сайта,,
unit-org.ru,https://unit-org.ru/napitki-i-koktejli/kak-vybrat-napitki-dlja-gostej-raznogo-vozrasta/,200,все записи сайта,,
unit-org.ru,https://unit-org.ru/napitki-i-koktejli/zakazat-bar-na-novyj-god-chto-vazhno-uchest/,200,все записи сайта,,
unit-org.ru,https://unit-org.ru/napitki-i-koktejli/klassicheskie-koktejli-dlja-novogodnej-nochi/,200,все записи сайта,,
unit-org.ru,https://unit-org.ru/napitki-i-koktejli/top-10-zimnih-koktejlej-kotorye-ponravjatsja-vsem/,200,все записи сайта,,
unit-org.ru,https://unit-org.ru/lichnye-finansy-dlja-predprinimatelej/programmy-i-prilozhenija-dlja-upravlenija-lichnymi-finansami/,200,все записи сайта,,
unit-org.ru,https://unit-org.ru/lichnye-finansy-dlja-predprinimatelej/sovety-po-optimizacii-lichnyh-rashodov-dlja-nachinajushhih-predprinimatelej/,200,все записи сайта,,
unit-org.ru,https://unit-org.ru/lichnye-finansy-dlja-predprinimatelej/kak-upravljat-lichnymi-finansami-buduchi-predprinimatelem/,200,все записи сайта,,
unit-org.ru,https://unit-org.ru/lichnye-finansy-dlja-predprinimatelej/kak-nakopit-kapital-dlja-investicij-v-sobstvennyj-biznes/,200,все записи сайта,,
unit-org.ru,https://unit-org.ru/lichnye-finansy-dlja-predprinimatelej/top-5-knig-po-upravleniju-lichnymi-finansami-dlja-predprinimatelej/,200,все записи сайта,,
unit-org.ru,https://unit-org.ru/lichnye-finansy-dlja-predprinimatelej/oshibki-v-upravlenii-lichnymi-finansami-kotorye-delajut-nachinajushhie-predprinimateli/,200,все записи сайта,,
unit-org.ru,https://unit-org.ru/obzor-motornyh-lodok/kak-pravilno-uhazhivat-za-motornoj-lodkoj/,200,все записи сайта,,
unit-org.ru,https://unit-org.ru/obzor-motornyh-lodok/luchshie-motornye-lodki-2024-goda-chto-vybrat/,200,все записи сайта,,
unit-org.ru,https://unit-org.ru/obzor-motornyh-lodok/sovety-po-vyboru-motora-dlja-lodki/,200,все записи сайта,,
unit-org.ru,https://unit-org.ru/obzor-motornyh-lodok/preimushhestva-i-nedostatki-motornyh-lodok-iz-pvh/,200,все записи сайта,,
unit-org.ru,https://unit-org.ru/obzor-motornyh-lodok/kak-vybrat-motornuju-lodku-dlja-rybalki-i-otdyha/,200,все записи сайта,,
unit-org.ru,https://unit-org.ru/obzor-motornyh-lodok/motornye-lodki-obzor-populjarnyh-modelej/,200,все записи сайта,,
unit-org.ru,https://unit-org.ru/kriptovaljuty-i-blokchejn/kak-vybrat-kriptovaljutnuju-birzhu/,200,все записи сайта,,
unit-org.ru,https://unit-org.ru/kriptovaljuty-i-blokchejn/sovety-po-bezopasnosti-pri-rabote-s-kriptovaljutami/,200,все записи сайта,,
unit-org.ru,https://unit-org.ru/kriptovaljuty-i-blokchejn/primery-uspeshnogo-ispolzovanija-blokchejn/,200,все записи сайта,,
unit-org.ru,https://unit-org.ru/kriptovaljuty-i-blokchejn/vlijanie-blokchejn-tehnologij-na-biznes-revoljucija-v-cifrovoj-jekonomike/,200,все записи сайта,,
unit-org.ru,https://unit-org.ru/kriptovaljuty-i-blokchejn/kak-nachat-investirovat-v-kriptovaljuty/,200,все записи сайта,,
unit-org.ru,https://unit-org.ru/kriptovaljuty-i-blokchejn/vvedenie-v-mir-kriptovaljut/,200,все записи сайта,,
unit-org.ru,https://unit-org.ru/uhod-za-kozhej-posle-kosmetologicheskih-procedur/biorevitalizacija-vse-chto-nuzhno-znat-o-vosstanovlenii-kozhi/,200,все записи сайта,,
unit-org.ru,https://unit-org.ru/kosmetologija-i-dermatologija-integracija-metodov/sovremennye-metody-lechenija-akne-podhody-kosmetologii-i-dermatologii/,200,все записи сайта,,
unit-org.ru,https://unit-org.ru/integracija-tehnologij-v-kosmetologiju/budushhee-kosmetologii-kakie-tehnologii-ozhidajut-nas-v-blizhajshie-gody/,200,все записи сайта,,
unit-org.ru,https://unit-org.ru/integracija-tehnologij-v-kosmetologiju/lazernye-tehnologii-v-kosmetologii-preimushhestva-i-primenenija/,200,все записи сайта,,
unit-org.ru,https://unit-org.ru/uhod-za-kozhej-posle-kosmetologicheskih-procedur/jeffektivnost-i-bezopasnost-himicheskih-pilingov-v-dermatokosmetologii/,200,все записи сайта,,
unit-org.ru,https://unit-org.ru/kosmetologija-i-dermatologija-integracija-metodov/kompleksnyj-podhod-k-lecheniju-rozacea-dermatologija-i-kosmetologija-vmeste/,200,все записи сайта,,
xn--72-6kcat7cxadjf.xn--p1ai,https://xn--72-6kcat7cxadjf.xn--p1ai/poleznye-sovety/kak-obespechit-konfidencialnost-dannyh-v-seti/,200,все записи сайта,,
xn--72-6kcat7cxadjf.xn--p1ai,https://xn--72-6kcat7cxadjf.xn--p1ai/poleznye-sovety/5-sovetov-kak-uluchshit-skorost-interneta/,200,все записи сайта,,
xn--72-6kcat7cxadjf.xn--p1ai,https://xn--72-6kcat7cxadjf.xn--p1ai/poleznye-sovety/deshevye-individualnye-proksi-kak-vybrat-nadezhnyj-servis/,200,все записи сайта,,
xn--72-6kcat7cxadjf.xn--p1ai,https://xn--72-6kcat7cxadjf.xn--p1ai/poleznye-sovety/poleznye-sovety-po-bezopasnomu-internet-serfingu/,200,все записи сайта,,
xn--72-6kcat7cxadjf.xn--p1ai,https://xn--72-6kcat7cxadjf.xn--p1ai/poleznye-sovety/zashhita-personalnyh-dannyh-prostye-sovety/,200,все записи сайта,,
xn--72-6kcat7cxadjf.xn--p1ai,https://xn--72-6kcat7cxadjf.xn--p1ai/poleznye-sovety/kak-sjekonomit-na-onlajn-servisah/,200,все записи сайта,,
xn--72-6kcat7cxadjf.xn--p1ai,https://xn--72-6kcat7cxadjf.xn--p1ai/kupit-motornuju-lodku/sovety-po-pokupke-motornoj-lodki-v-internet-magazine/,200,все записи сайта,,
xn--72-6kcat7cxadjf.xn--p1ai,https://xn--72-6kcat7cxadjf.xn--p1ai/kupit-motornuju-lodku/top-5-mest-v-spb-dlja-pokupki-motornyh-lodok/,200,все записи сайта,,
xn--72-6kcat7cxadjf.xn--p1ai,https://xn--72-6kcat7cxadjf.xn--p1ai/kupit-motornuju-lodku/gde-kupit-motornuju-lodku-sovety-i-rekomendacii/,200,все записи сайта,,
xn--72-6kcat7cxadjf.xn--p1ai,https://xn--72-6kcat7cxadjf.xn--p1ai/kupit-motornuju-lodku/kak-opredelit-optimalnyj-razmer-i-tip-motornoj-lodki/,200,все записи сайта,,
xn--72-6kcat7cxadjf.xn--p1ai,https://xn--72-6kcat7cxadjf.xn--p1ai/kupit-motornuju-lodku/rekomendacii-po-pokupke-motornoj-lodki-dlja-novichkov/,200,все записи сайта,,
xn--72-6kcat7cxadjf.xn--p1ai,https://xn--72-6kcat7cxadjf.xn--p1ai/kupit-motornuju-lodku/kak-vybrat-i-kupit-motornuju-lodku-v-2024-godu/,200,все записи сайта,,
xn--72-6kcat7cxadjf.xn--p1ai,https://xn--72-6kcat7cxadjf.xn--p1ai/smena-juridicheskogo-adresa/oshibki-pri-smene-juridicheskogo-adresa-i-kak-ih-izbezhat/,200,все записи сайта,,
xn--72-6kcat7cxadjf.xn--p1ai,https://xn--72-6kcat7cxadjf.xn--p1ai/smena-juridicheskogo-adresa/vlijanie-smeny-juridicheskogo-adresa-na-biznes/,200,все записи сайта,,
xn--72-6kcat7cxadjf.xn--p1ai,https://xn--72-6kcat7cxadjf.xn--p1ai/smena-juridicheskogo-adresa/sovety-po-vyboru-novogo-juridicheskogo-adresa/,200,все записи сайта,,
xn--72-6kcat7cxadjf.xn--p1ai,https://xn--72-6kcat7cxadjf.xn--p1ai/smena-juridicheskogo-adresa/kakie-dokumenty-nuzhny-dlja-smeny-juridicheskogo-adresa/,200,все записи сайта,,
xn--72-6kcat7cxadjf.xn--p1ai,https://xn--72-6kcat7cxadjf.xn--p1ai/smena-juridicheskogo-adresa/poshagovaja-instrukcija-po-smene-juridicheskogo-adresa/,200,все записи сайта,,
xn--72-6kcat7cxadjf.xn--p1ai,https://xn--72-6kcat7cxadjf.xn--p1ai/smena-juridicheskogo-adresa/kak-pravilno-izmenit-juridicheskij-adres-kompanii/,200,все записи сайта,,
xn--72-6kcat7cxadjf.xn--p1ai,https://xn--72-6kcat7cxadjf.xn--p1ai/kalkuljator/metallokalkulyator-onlayn-udobstvo-i-tochnost-raschetov/,200,все записи сайта,,
xn--72-6kcat7cxadjf.xn--p1ai,https://xn--72-6kcat7cxadjf.xn--p1ai/kalkuljator/kak-metallokalkulyator-onlayn-pomogaet-tochno-rasschitat-kolichestvo-stroitelnyh-materialov/,200,все записи сайта,,
xn--72-6kcat7cxadjf.xn--p1ai,https://xn--72-6kcat7cxadjf.xn--p1ai/stroitelnye-materialy/kak-vybrat-kachestvennye-stroitelnye-materialy-sovety-ekspertov/,200,все записи сайта,,
xn--72-6kcat7cxadjf.xn--p1ai,https://xn--72-6kcat7cxadjf.xn--p1ai/kalkuljator/kak-metallokalkulyator-onlayn-uluchshaet-planirovanie-stroitelnyh-proektov/,200,все записи сайта,,
xn--72-6kcat7cxadjf.xn--p1ai,https://xn--72-6kcat7cxadjf.xn--p1ai/stroitelnye-materialy/preimushchestva-ispolzovaniya-sovremennyh-stroitelnyh-tehnologiy-i-materialov/,200,все записи сайта,,
xn--72-6kcat7cxadjf.xn--p1ai,https://xn--72-6kcat7cxadjf.xn--p1ai/kalkuljator/metallokalkulyator-onlayn-i-ekonomiya-na-stroitelnyh-materialah/,200,все записи сайта,,
xn--b1addncxgimfdeeo6j.xn--p1ai,https://xn--b1addncxgimfdeeo6j.xn--p1ai/tehnologii-i-anonimnost/top-5-servisov-dlja-povyshenija-anonimnosti/,200,все записи сайта,,
xn--b1addncxgimfdeeo6j.xn--p1ai,https://xn--b1addncxgimfdeeo6j.xn--p1ai/tehnologii-i-anonimnost/kak-zashhitit-korporativnye-dannye/,200,все записи сайта,,
xn--b1addncxgimfdeeo6j.xn--p1ai,https://xn--b1addncxgimfdeeo6j.xn--p1ai/tehnologii-i-anonimnost/rol-proksi-v-onlajn-bezopasnosti/,200,все записи сайта,,
xn--b1addncxgimfdeeo6j.xn--p1ai,https://xn--b1addncxgimfdeeo6j.xn--p1ai/tehnologii-i-anonimnost/sravnenie-sposobov-skryt-ip-vpn-tor-proksi/,200,все записи сайта,,
xn--b1addncxgimfdeeo6j.xn--p1ai,https://xn--b1addncxgimfdeeo6j.xn--p1ai/tehnologii-i-anonimnost/kak-rabotaet-anonimizacija-v-internete/,200,все записи сайта,,
xn--b1addncxgimfdeeo6j.xn--p1ai,https://xn--b1addncxgimfdeeo6j.xn--p1ai/tehnologii-i-anonimnost/kupit-individualnye-proksi-zachem-oni-nuzhny-biznesu/,200,все записи сайта,,
xn--b1addncxgimfdeeo6j.xn--p1ai,https://xn--b1addncxgimfdeeo6j.xn--p1ai/prazdniki-i-razvlechenija/preimushhestva-professionalnoj-organizacii-meroprijatij/,200,все записи сайта,,
xn--b1addncxgimfdeeo6j.xn--p1ai,https://xn--b1addncxgimfdeeo6j.xn--p1ai/prazdniki-i-razvlechenija/kakie-razvlechenija-podojdut-dlja-korporativov/,200,все записи сайта,,
xn--b1addncxgimfdeeo6j.xn--p1ai,https://xn--b1addncxgimfdeeo6j.xn--p1ai/prazdniki-i-razvlechenija/luchshie-idei-dlja-ukrashenija-novogodnih-vecherinok/,200,все записи сайта,,
xn--b1addncxgimfdeeo6j.xn--p1ai,https://xn--b1addncxgimfdeeo6j.xn--p1ai/prazdniki-i-razvlechenija/sovety-po-podboru-mesta-dlja-prazdnovanija-kljuchevye-momenty-dlja-uspeshnogo-vybora/,200,все записи сайта,,
xn--b1addncxgimfdeeo6j.xn--p1ai,https://xn--b1addncxgimfdeeo6j.xn--p1ai/prazdniki-i-razvlechenija/kak-organizovat-zapominajushheesja-novogodnee-meroprijatie/,200,все записи сайта,,
xn--b1addncxgimfdeeo6j.xn--p1ai,https://xn--b1addncxgimfdeeo6j.xn--p1ai/prazdniki-i-razvlechenija/kak-vybrat-idealnyj-format-prazdnika/,200,все записи сайта,,
xn--b1addncxgimfdeeo6j.xn--p1ai,https://xn--b1addncxgimfdeeo6j.xn--p1ai/naduvnye-motornye-lodki-iz-pvh/obzor-populjarnyh-modelej-naduvnyh-motornyh-lodok-iz-pvh/,200,все записи сайта,,
xn--b1addncxgimfdeeo6j.xn--p1ai,https://xn--b1addncxgimfdeeo6j.xn--p1ai/naduvnye-motornye-lodki-iz-pvh/naduvnye-motornye-lodki-iz-pvh-chto-nuzhno-uchityvat-pri-vybore/,200,все записи сайта,,
xn--b1addncxgimfdeeo6j.xn--p1ai,https://xn--b1addncxgimfdeeo6j.xn--p1ai/naduvnye-motornye-lodki-iz-pvh/kak-vybrat-naduvnuju-motornuju-lodku-dlja-rybalki-i-otdyha/,200,все записи сайта,,
xn--b1addncxgimfdeeo6j.xn--p1ai,https://xn--b1addncxgimfdeeo6j.xn--p1ai/naduvnye-motornye-lodki-iz-pvh/sovety-po-hraneniju-i-uhodu-za-naduvnymi-motornymi-lodkami-iz-pvh/,200,все записи сайта,,
xn--b1addncxgimfdeeo6j.xn--p1ai,https://xn--b1addncxgimfdeeo6j.xn--p1ai/naduvnye-motornye-lodki-iz-pvh/preimushhestva-i-nedostatki-naduvnyh-motornyh-lodok-iz-pvh/,200,все записи сайта,,
xn--b1addncxgimfdeeo6j.xn--p1ai,https://xn--b1addncxgimfdeeo6j.xn--p1ai/naduvnye-motornye-lodki-iz-pvh/pochemu-stoit-vybrat-naduvnuju-motornuju-lodku-iz-pvh/,200,все записи сайта,,
xn--b1addncxgimfdeeo6j.xn--p1ai,https://xn--b1addncxgimfdeeo6j.xn--p1ai/jelektronnaja-kommercija/kak-upravljat-logistikoj-v-jelektronnoj-kommercii/,200,все записи сайта,,
xn--b1addncxgimfdeeo6j.xn--p1ai,https://xn--b1addncxgimfdeeo6j.xn--p1ai/jelektronnaja-kommercija/primery-uspeshnyh-internet-magazinov/,200,все записи сайта,,
xn--b1addncxgimfdeeo6j.xn--p1ai,https://xn--b1addncxgimfdeeo6j.xn--p1ai/jelektronnaja-kommercija/trendy-v-jelektronnoj-kommercii/,200,все записи сайта,,
xn--b1addncxgimfdeeo6j.xn--p1ai,https://xn--b1addncxgimfdeeo6j.xn--p1ai/jelektronnaja-kommercija/kak-privlech-klientov-v-internet-magazin/,200,все записи сайта,,
xn--b1addncxgimfdeeo6j.xn--p1ai,https://xn--b1addncxgimfdeeo6j.xn--p1ai/jelektronnaja-kommercija/sovety-po-sozdaniju-internet-magazina/,200,все записи сайта,,
xn--b1addncxgimfdeeo6j.xn--p1ai,https://xn--b1addncxgimfdeeo6j.xn--p1ai/jelektronnaja-kommercija/kak-nachat-biznes-v-sfere-jelektronnoj-kommercii/,200,все записи сайта,,
xn--b1addncxgimfdeeo6j.xn--p1ai,https://xn--b1addncxgimfdeeo6j.xn--p1ai/kalkuljator/metallokalkulyator-vash-nezamenimyy-pomoshchnik-v-raschetah/,200,все записи сайта,,
xn--b1addncxgimfdeeo6j.xn--p1ai,https://xn--b1addncxgimfdeeo6j.xn--p1ai/raznoe/optimizaciya-zakupok-metalloprokata-dlya-avtoservisa-s-pomoshchyu-metallokalkulyatora/,200,все записи сайта,,
xn--b1addncxgimfdeeo6j.xn--p1ai,https://xn--b1addncxgimfdeeo6j.xn--p1ai/avtoservis/kak-podgotovit-avtomobil-k-zimnemu-sezonu-sovety-avtoservisa/,200,все записи сайта,,
xn--b1addncxgimfdeeo6j.xn--p1ai,https://xn--b1addncxgimfdeeo6j.xn--p1ai/kalkuljator/primenenie-metallokalkulyatora-pri-vosstanovlenii-kuzova-avtomobilya/,200,все записи сайта,,
xn--b1addncxgimfdeeo6j.xn--p1ai,https://xn--b1addncxgimfdeeo6j.xn--p1ai/kalkuljator/kak-metallokalkulyator-pomogaet-avtoservisam-v-raschetah-materialov-dlya-remonta/,200,все записи сайта,,
xn--b1addncxgimfdeeo6j.xn--p1ai,https://xn--b1addncxgimfdeeo6j.xn--p1ai/avtoservis/remont-ili-zamena-kogda-vygodnee-menyat-avtozapchasti/,200,все записи сайта,,
yellodigital.ru,https://yellodigital.ru/kiberbezopasnost/luchshie-sovety-po-povysheniju-internet-bezopasnosti/,200,все записи сайта,,
yellodigital.ru,https://yellodigital.ru/kiberbezopasnost/kakie-tehnologii-pomogut-zashhitit-lichnye-dannye/,200,все записи сайта,,
yellodigital.ru,https://yellodigital.ru/kiberbezopasnost/kak-proksi-pomogaet-skryvat-vashe-mestopolozhenie/,200,все записи сайта,,
yellodigital.ru,https://yellodigital.ru/kiberbezopasnost/individualnyj-proksi-preimushhestva-dlja-biznesa/,200,все записи сайта,,
yellodigital.ru,https://yellodigital.ru/kiberbezopasnost/proksi-kak-instrument-dlja-zashhity-ot-kiberatak/,200,все записи сайта,,
yellodigital.ru,https://yellodigital.ru/kiberbezopasnost/kak-zashhitit-svoi-dannye-v-internete/,200,все записи сайта,,
yellodigital.ru,https://yellodigital.ru/ceny-na-kuhni-i-kak-sjekonomit/modnye-tendencii-v-dizajne-kuhon-i-ih-stoimost/,200,все записи сайта,,
yellodigital.ru,https://yellodigital.ru/ceny-na-kuhni-i-kak-sjekonomit/kak-kupit-kuhnju-v-tjumeni-s-ustanovkoj-chto-uchest/,200,все записи сайта,,
yellodigital.ru,https://yellodigital.ru/ceny-na-kuhni-i-kak-sjekonomit/kak-sjekonomit-na-kuhne-bez-poteri-kachestva/,200,все записи сайта,,
yellodigital.ru,https://yellodigital.ru/ceny-na-kuhni-i-kak-sjekonomit/kak-vybrat-bjudzhetnuju-kuhnju-sovety-ot-jekspertov/,200,все записи сайта,,
yellodigital.ru,https://yellodigital.ru/ceny-na-kuhni-i-kak-sjekonomit/gde-zakazat-kuhnju-v-tjumeni-po-dostupnoj-cene/,200,все записи сайта,,
yellodigital.ru,https://yellodigital.ru/ceny-na-kuhni-i-kak-sjekonomit/ceny-na-kuhni-v-tjumeni-chto-vlijaet-na-konechnuju-stoimost/,200,все записи сайта,,
yellodigital.ru,https://yellodigital.ru/uchet-dohodov-i-rashodov/programmy-dlja-uchjota-dohodov-i-rashodov/,200,все записи сайта,,
yellodigital.ru,https://yellodigital.ru/uchet-dohodov-i-rashodov/kak-snizit-rashody-s-pomoshhju-pravilnogo-uchjota/,200,все записи сайта,,
yellodigital.ru,https://yellodigital.ru/uchet-dohodov-i-rashodov/sovety-po-organizacii-uchjota-dohodov-i-rashodov/,200,все записи сайта,,
yellodigital.ru,https://yellodigital.ru/uchet-dohodov-i-rashodov/oshibki-v-uchjote-dohodov-i-rashodov-i-kak-ih-izbezhat/,200,все записи сайта,,
yellodigital.ru,https://yellodigital.ru/motornaja-lodka-cena/kak-vybrat-motornuju-lodku-po-cene-i-kachestvu/,200,все записи сайта,,
yellodigital.ru,https://yellodigital.ru/uchet-dohodov-i-rashodov/instrumenty-dlja-avtomatizacii-uchjota-dohodov-i-rashodov/,200,все записи сайта,,
yellodigital.ru,https://yellodigital.ru/motornaja-lodka-cena/rekomendacii-po-vyboru-motornoj-lodki-dlja-raznyh-bjudzhetov/,200,все записи сайта,,
yellodigital.ru,https://yellodigital.ru/motornaja-lodka-cena/kak-pravilno-ocenit-stoimost-motornoj-lodki-pered-pokupkoj/,200,все записи сайта,,
yellodigital.ru,https://yellodigital.ru/motornaja-lodka-cena/top-5-motornyh-lodok-po-sootnosheniju-cena-kachestvo/,200,все записи сайта,,
yellodigital.ru,https://yellodigital.ru/motornaja-lodka-cena/obzor-motornyh-lodok-srednego-cenovogo-segmenta/,200,все записи сайта,,
yellodigital.ru,https://yellodigital.ru/motornaja-lodka-cena/kak-poluchit-skidku-na-pokupku-motornoj-lodki/,200,все записи сайта,,
yellodigital.ru,https://yellodigital.ru/uchet-dohodov-i-rashodov/kak-vesti-uchet-dohodov-i-rashodov-v-kompanii/,200,все записи сайта,,
yellodigital.ru,https://yellodigital.ru/metallokalkuljator/metallicheskiy-kalkulyator-ot-kompanii-alfa-soyuz-sovety-po-ispolzovaniyu/,200,все записи сайта,,
yellodigital.ru,https://yellodigital.ru/prodvizhenie/kak-vybrat-agentstvo-dlya-prodvizheniya-vashego-biznesa-klyuchevye-kriterii/,200,все записи сайта,,
yellodigital.ru,https://yellodigital.ru/prodvizhenie/rol-agentstv-v-uspeshnom-prodvizhenii-biznesa-v-cifrovuyu-epohu/,200,все записи сайта,,
yellodigital.ru,https://yellodigital.ru/prodvizhenie/kontekstnaya-reklama-dlya-metallicheskogo-kalkulyatora-tehniki-i-rezultaty-ot-agentstv/,200,все записи сайта,,
yellodigital.ru,https://yellodigital.ru/prodvizhenie/pochemu-agentstvo-prodvizheniya-eto-investiciya-v-budushchee-vashego-biznesa/,200,все записи сайта,,
yellodigital.ru,https://yellodigital.ru/metallokalkuljator/seo-optimizaciya-dlya-saytov-s-metallicheskimi-kalkulyatorami-sovety-ot-agentstv-prodvizheniya/,200,все записи сайта,,
